feature_name,feature_block
aligned_difference_count,frozen_manifest_numeric
substitution_count,frozen_manifest_numeric
gap_count_target,frozen_manifest_numeric
pam_difference_count,frozen_manifest_numeric
spacer_difference_count,frozen_manifest_numeric
first_difference_position_1based,frozen_manifest_numeric
last_difference_position_1based,frozen_manifest_numeric
longest_match_run,frozen_manifest_numeric
longest_substitution_run,frozen_manifest_numeric
longest_target_gap_run,frozen_manifest_numeric
difference_pos_01,frozen_manifest_numeric
substitution_pos_01,frozen_manifest_numeric
difference_pos_02,frozen_manifest_numeric
substitution_pos_02,frozen_manifest_numeric
difference_pos_03,frozen_manifest_numeric
substitution_pos_03,frozen_manifest_numeric
target_gap_pos_03,frozen_manifest_numeric
difference_pos_04,frozen_manifest_numeric
substitution_pos_04,frozen_manifest_numeric
target_gap_pos_04,frozen_manifest_numeric
difference_pos_05,frozen_manifest_numeric
substitution_pos_05,frozen_manifest_numeric
target_gap_pos_05,frozen_manifest_numeric
difference_pos_06,frozen_manifest_numeric
substitution_pos_06,frozen_manifest_numeric
target_gap_pos_06,frozen_manifest_numeric
difference_pos_07,frozen_manifest_numeric
substitution_pos_07,frozen_manifest_numeric
target_gap_pos_07,frozen_manifest_numeric
difference_pos_08,frozen_manifest_numeric
substitution_pos_08,frozen_manifest_numeric
target_gap_pos_08,frozen_manifest_numeric
difference_pos_09,frozen_manifest_numeric
substitution_pos_09,frozen_manifest_numeric
target_gap_pos_09,frozen_manifest_numeric
difference_pos_10,frozen_manifest_numeric
substitution_pos_10,frozen_manifest_numeric
target_gap_pos_10,frozen_manifest_numeric
difference_pos_11,frozen_manifest_numeric
substitution_pos_11,frozen_manifest_numeric
target_gap_pos_11,frozen_manifest_numeric
difference_pos_12,frozen_manifest_numeric
substitution_pos_12,frozen_manifest_numeric
target_gap_pos_12,frozen_manifest_numeric
difference_pos_13,frozen_manifest_numeric
substitution_pos_13,frozen_manifest_numeric
target_gap_pos_13,frozen_manifest_numeric
difference_pos_14,frozen_manifest_numeric
substitution_pos_14,frozen_manifest_numeric
target_gap_pos_14,frozen_manifest_numeric
difference_pos_15,frozen_manifest_numeric
substitution_pos_15,frozen_manifest_numeric
target_gap_pos_15,frozen_manifest_numeric
difference_pos_16,frozen_manifest_numeric
substitution_pos_16,frozen_manifest_numeric
target_gap_pos_16,frozen_manifest_numeric
difference_pos_17,frozen_manifest_numeric
substitution_pos_17,frozen_manifest_numeric
target_gap_pos_17,frozen_manifest_numeric
difference_pos_18,frozen_manifest_numeric
substitution_pos_18,frozen_manifest_numeric
target_gap_pos_18,frozen_manifest_numeric
difference_pos_19,frozen_manifest_numeric
substitution_pos_19,frozen_manifest_numeric
target_gap_pos_19,frozen_manifest_numeric
difference_pos_20,frozen_manifest_numeric
substitution_pos_20,frozen_manifest_numeric
target_gap_pos_20,frozen_manifest_numeric
difference_pos_21,frozen_manifest_numeric
substitution_pos_21,frozen_manifest_numeric
target_gap_pos_21,frozen_manifest_numeric
difference_pos_22,frozen_manifest_numeric
substitution_pos_22,frozen_manifest_numeric
target_gap_pos_22,frozen_manifest_numeric
difference_pos_23,frozen_manifest_numeric
substitution_pos_23,frozen_manifest_numeric
target_gap_pos_23,frozen_manifest_numeric
difference_pos_24,frozen_manifest_numeric
substitution_pos_24,frozen_manifest_numeric
target_gap_pos_24,frozen_manifest_numeric
difference_pos_25,frozen_manifest_numeric
substitution_pos_25,frozen_manifest_numeric
target_gap_pos_25,frozen_manifest_numeric
sub_A_to_C_count,frozen_manifest_numeric
sub_A_to_G_count,frozen_manifest_numeric
sub_A_to_T_count,frozen_manifest_numeric
sub_C_to_A_count,frozen_manifest_numeric
sub_C_to_G_count,frozen_manifest_numeric
sub_C_to_T_count,frozen_manifest_numeric
sub_G_to_A_count,frozen_manifest_numeric
sub_G_to_C_count,frozen_manifest_numeric
sub_G_to_T_count,frozen_manifest_numeric
sub_T_to_A_count,frozen_manifest_numeric
sub_T_to_C_count,frozen_manifest_numeric
sub_T_to_G_count,frozen_manifest_numeric
guide_gc_content,frozen_manifest_numeric
guide_shannon_entropy,frozen_manifest_numeric
guide_longest_homopolymer,frozen_manifest_numeric
guide_a_fraction,frozen_manifest_numeric
guide_c_fraction,frozen_manifest_numeric
guide_g_fraction,frozen_manifest_numeric
guide_t_fraction,frozen_manifest_numeric
target_ungapped_length_acgt,frozen_manifest_numeric
target_ungapped_gc_content,frozen_manifest_numeric
target_ungapped_shannon_entropy,frozen_manifest_numeric
target_ungapped_longest_homopolymer,frozen_manifest_numeric
target_ungapped_a_fraction,frozen_manifest_numeric
target_ungapped_c_fraction,frozen_manifest_numeric
target_ungapped_g_fraction,frozen_manifest_numeric
target_ungapped_t_fraction,frozen_manifest_numeric
guide_spacer_gc_content,frozen_manifest_numeric
guide_spacer_shannon_entropy,frozen_manifest_numeric
guide_spacer_longest_homopolymer,frozen_manifest_numeric
guide_spacer_a_fraction,frozen_manifest_numeric
guide_spacer_c_fraction,frozen_manifest_numeric
guide_spacer_g_fraction,frozen_manifest_numeric
guide_spacer_t_fraction,frozen_manifest_numeric
target_spacer_ungapped_length_acgt,frozen_manifest_numeric
target_spacer_ungapped_gc_content,frozen_manifest_numeric
target_spacer_ungapped_shannon_entropy,frozen_manifest_numeric
target_spacer_ungapped_longest_homopolymer,frozen_manifest_numeric
target_spacer_ungapped_a_fraction,frozen_manifest_numeric
target_spacer_ungapped_c_fraction,frozen_manifest_numeric
target_spacer_ungapped_g_fraction,frozen_manifest_numeric
target_spacer_ungapped_t_fraction,frozen_manifest_numeric
guide_context_unique_base_count,frozen_manifest_numeric
guide_context_gc_first_half,frozen_manifest_numeric
guide_context_gc_second_half,frozen_manifest_numeric
guide_context_gc_first_5nt,frozen_manifest_numeric
guide_context_gc_last_5nt,frozen_manifest_numeric
guide_context_dinuc_AA_frequency,frozen_manifest_numeric
guide_context_dinuc_AC_frequency,frozen_manifest_numeric
guide_context_dinuc_AG_frequency,frozen_manifest_numeric
guide_context_dinuc_AT_frequency,frozen_manifest_numeric
guide_context_dinuc_CA_frequency,frozen_manifest_numeric
guide_context_dinuc_CC_frequency,frozen_manifest_numeric
guide_context_dinuc_CG_frequency,frozen_manifest_numeric
guide_context_dinuc_CT_frequency,frozen_manifest_numeric
guide_context_dinuc_GA_frequency,frozen_manifest_numeric
guide_context_dinuc_GC_frequency,frozen_manifest_numeric
guide_context_dinuc_GG_frequency,frozen_manifest_numeric
guide_context_dinuc_GT_frequency,frozen_manifest_numeric
guide_context_dinuc_TA_frequency,frozen_manifest_numeric
guide_context_dinuc_TC_frequency,frozen_manifest_numeric
guide_context_dinuc_TG_frequency,frozen_manifest_numeric
guide_context_dinuc_TT_frequency,frozen_manifest_numeric
guide_context_trinuc_AAA_frequency,frozen_manifest_numeric
guide_context_trinuc_CCC_frequency,frozen_manifest_numeric
guide_context_trinuc_GGG_frequency,frozen_manifest_numeric
guide_context_trinuc_TTT_frequency,frozen_manifest_numeric
guide_context_trinuc_GCG_frequency,frozen_manifest_numeric
guide_context_trinuc_CGC_frequency,frozen_manifest_numeric
guide_context_trinuc_TAT_frequency,frozen_manifest_numeric
guide_context_trinuc_ATA_frequency,frozen_manifest_numeric
target_context_unique_base_count,frozen_manifest_numeric
target_context_gc_first_half,frozen_manifest_numeric
target_context_gc_second_half,frozen_manifest_numeric
target_context_gc_first_5nt,frozen_manifest_numeric
target_context_gc_last_5nt,frozen_manifest_numeric
target_context_dinuc_AA_frequency,frozen_manifest_numeric
target_context_dinuc_AC_frequency,frozen_manifest_numeric
target_context_dinuc_AG_frequency,frozen_manifest_numeric
target_context_dinuc_AT_frequency,frozen_manifest_numeric
target_context_dinuc_CA_frequency,frozen_manifest_numeric
target_context_dinuc_CC_frequency,frozen_manifest_numeric
target_context_dinuc_CG_frequency,frozen_manifest_numeric
target_context_dinuc_CT_frequency,frozen_manifest_numeric
target_context_dinuc_GA_frequency,frozen_manifest_numeric
target_context_dinuc_GC_frequency,frozen_manifest_numeric
target_context_dinuc_GG_frequency,frozen_manifest_numeric
target_context_dinuc_GT_frequency,frozen_manifest_numeric
target_context_dinuc_TA_frequency,frozen_manifest_numeric
target_context_dinuc_TC_frequency,frozen_manifest_numeric
target_context_dinuc_TG_frequency,frozen_manifest_numeric
target_context_dinuc_TT_frequency,frozen_manifest_numeric
target_context_trinuc_AAA_frequency,frozen_manifest_numeric
target_context_trinuc_CCC_frequency,frozen_manifest_numeric
target_context_trinuc_GGG_frequency,frozen_manifest_numeric
target_context_trinuc_TTT_frequency,frozen_manifest_numeric
target_context_trinuc_GCG_frequency,frozen_manifest_numeric
target_context_trinuc_CGC_frequency,frozen_manifest_numeric
target_context_trinuc_TAT_frequency,frozen_manifest_numeric
target_context_trinuc_ATA_frequency,frozen_manifest_numeric
te_guide_all,guide_target_encoding
te_guide_all_log_count,guide_target_encoding
te_guide_seen,guide_target_encoding
te_guide_exact_ref,guide_target_encoding
te_guide_exact_log_count,guide_target_encoding
te_guide_nonexact_ref,guide_target_encoding
te_guide_nonexact_log_count,guide_target_encoding
te_guide_diffcat,guide_target_encoding
te_guide_diffcat_log_count,guide_target_encoding
te_guide_gapcat,guide_target_encoding
te_guide_gapcat_log_count,guide_target_encoding
pair_identity_pos_01_TA,position_pair_identity
pair_identity_pos_01_TC,position_pair_identity
pair_identity_pos_01_TG,position_pair_identity
pair_identity_pos_01_TT,position_pair_identity
pair_identity_pos_02_TA,position_pair_identity
pair_identity_pos_02_TC,position_pair_identity
pair_identity_pos_02_TG,position_pair_identity
pair_identity_pos_02_TT,position_pair_identity
pair_identity_pos_03_TA,position_pair_identity
pair_identity_pos_03_TC,position_pair_identity
pair_identity_pos_03_TG,position_pair_identity
pair_identity_pos_03_TT,position_pair_identity
pair_identity_pos_03_T-,position_pair_identity
pair_identity_pos_04_AA,position_pair_identity
pair_identity_pos_04_AC,position_pair_identity
pair_identity_pos_04_AG,position_pair_identity
pair_identity_pos_04_AT,position_pair_identity
pair_identity_pos_04_A-,position_pair_identity
pair_identity_pos_04_CA,position_pair_identity
pair_identity_pos_04_CC,position_pair_identity
pair_identity_pos_04_CG,position_pair_identity
pair_identity_pos_04_CT,position_pair_identity
pair_identity_pos_04_C-,position_pair_identity
pair_identity_pos_04_GA,position_pair_identity
pair_identity_pos_04_GC,position_pair_identity
pair_identity_pos_04_GG,position_pair_identity
pair_identity_pos_04_GT,position_pair_identity
pair_identity_pos_04_G-,position_pair_identity
pair_identity_pos_04_TA,position_pair_identity
pair_identity_pos_04_TC,position_pair_identity
pair_identity_pos_04_TG,position_pair_identity
pair_identity_pos_04_TT,position_pair_identity
pair_identity_pos_04_T-,position_pair_identity
pair_identity_pos_05_AA,position_pair_identity
pair_identity_pos_05_AC,position_pair_identity
pair_identity_pos_05_AG,position_pair_identity
pair_identity_pos_05_AT,position_pair_identity
pair_identity_pos_05_A-,position_pair_identity
pair_identity_pos_05_CA,position_pair_identity
pair_identity_pos_05_CC,position_pair_identity
pair_identity_pos_05_CG,position_pair_identity
pair_identity_pos_05_CT,position_pair_identity
pair_identity_pos_05_C-,position_pair_identity
pair_identity_pos_05_GA,position_pair_identity
pair_identity_pos_05_GC,position_pair_identity
pair_identity_pos_05_GG,position_pair_identity
pair_identity_pos_05_GT,position_pair_identity
pair_identity_pos_05_G-,position_pair_identity
pair_identity_pos_05_TA,position_pair_identity
pair_identity_pos_05_TC,position_pair_identity
pair_identity_pos_05_TG,position_pair_identity
pair_identity_pos_05_TT,position_pair_identity
pair_identity_pos_05_T-,position_pair_identity
pair_identity_pos_06_AA,position_pair_identity
pair_identity_pos_06_AC,position_pair_identity
pair_identity_pos_06_AG,position_pair_identity
pair_identity_pos_06_AT,position_pair_identity
pair_identity_pos_06_A-,position_pair_identity
pair_identity_pos_06_CA,position_pair_identity
pair_identity_pos_06_CC,position_pair_identity
pair_identity_pos_06_CG,position_pair_identity
pair_identity_pos_06_CT,position_pair_identity
pair_identity_pos_06_C-,position_pair_identity
pair_identity_pos_06_GA,position_pair_identity
pair_identity_pos_06_GC,position_pair_identity
pair_identity_pos_06_GG,position_pair_identity
pair_identity_pos_06_GT,position_pair_identity
pair_identity_pos_06_G-,position_pair_identity
pair_identity_pos_06_TA,position_pair_identity
pair_identity_pos_06_TC,position_pair_identity
pair_identity_pos_06_TG,position_pair_identity
pair_identity_pos_06_TT,position_pair_identity
pair_identity_pos_06_T-,position_pair_identity
pair_identity_pos_07_AA,position_pair_identity
pair_identity_pos_07_AC,position_pair_identity
pair_identity_pos_07_AG,position_pair_identity
pair_identity_pos_07_AT,position_pair_identity
pair_identity_pos_07_A-,position_pair_identity
pair_identity_pos_07_CA,position_pair_identity
pair_identity_pos_07_CC,position_pair_identity
pair_identity_pos_07_CG,position_pair_identity
pair_identity_pos_07_CT,position_pair_identity
pair_identity_pos_07_C-,position_pair_identity
pair_identity_pos_07_GA,position_pair_identity
pair_identity_pos_07_GC,position_pair_identity
pair_identity_pos_07_GG,position_pair_identity
pair_identity_pos_07_GT,position_pair_identity
pair_identity_pos_07_G-,position_pair_identity
pair_identity_pos_07_TA,position_pair_identity
pair_identity_pos_07_TC,position_pair_identity
pair_identity_pos_07_TG,position_pair_identity
pair_identity_pos_07_TT,position_pair_identity
pair_identity_pos_07_T-,position_pair_identity
pair_identity_pos_08_AA,position_pair_identity
pair_identity_pos_08_AC,position_pair_identity
pair_identity_pos_08_AG,position_pair_identity
pair_identity_pos_08_AT,position_pair_identity
pair_identity_pos_08_A-,position_pair_identity
pair_identity_pos_08_CA,position_pair_identity
pair_identity_pos_08_CC,position_pair_identity
pair_identity_pos_08_CG,position_pair_identity
pair_identity_pos_08_CT,position_pair_identity
pair_identity_pos_08_C-,position_pair_identity
pair_identity_pos_08_GA,position_pair_identity
pair_identity_pos_08_GC,position_pair_identity
pair_identity_pos_08_GG,position_pair_identity
pair_identity_pos_08_GT,position_pair_identity
pair_identity_pos_08_G-,position_pair_identity
pair_identity_pos_08_TA,position_pair_identity
pair_identity_pos_08_TC,position_pair_identity
pair_identity_pos_08_TG,position_pair_identity
pair_identity_pos_08_TT,position_pair_identity
pair_identity_pos_08_T-,position_pair_identity
pair_identity_pos_09_AA,position_pair_identity
pair_identity_pos_09_AC,position_pair_identity
pair_identity_pos_09_AG,position_pair_identity
pair_identity_pos_09_AT,position_pair_identity
pair_identity_pos_09_A-,position_pair_identity
pair_identity_pos_09_CA,position_pair_identity
pair_identity_pos_09_CC,position_pair_identity
pair_identity_pos_09_CG,position_pair_identity
pair_identity_pos_09_CT,position_pair_identity
pair_identity_pos_09_C-,position_pair_identity
pair_identity_pos_09_GA,position_pair_identity
pair_identity_pos_09_GC,position_pair_identity
pair_identity_pos_09_GG,position_pair_identity
pair_identity_pos_09_GT,position_pair_identity
pair_identity_pos_09_G-,position_pair_identity
pair_identity_pos_09_TA,position_pair_identity
pair_identity_pos_09_TC,position_pair_identity
pair_identity_pos_09_TG,position_pair_identity
pair_identity_pos_09_TT,position_pair_identity
pair_identity_pos_09_T-,position_pair_identity
pair_identity_pos_10_AA,position_pair_identity
pair_identity_pos_10_AC,position_pair_identity
pair_identity_pos_10_AG,position_pair_identity
pair_identity_pos_10_AT,position_pair_identity
pair_identity_pos_10_A-,position_pair_identity
pair_identity_pos_10_CA,position_pair_identity
pair_identity_pos_10_CC,position_pair_identity
pair_identity_pos_10_CG,position_pair_identity
pair_identity_pos_10_CT,position_pair_identity
pair_identity_pos_10_C-,position_pair_identity
pair_identity_pos_10_GA,position_pair_identity
pair_identity_pos_10_GC,position_pair_identity
pair_identity_pos_10_GG,position_pair_identity
pair_identity_pos_10_GT,position_pair_identity
pair_identity_pos_10_G-,position_pair_identity
pair_identity_pos_10_TA,position_pair_identity
pair_identity_pos_10_TC,position_pair_identity
pair_identity_pos_10_TG,position_pair_identity
pair_identity_pos_10_TT,position_pair_identity
pair_identity_pos_10_T-,position_pair_identity
pair_identity_pos_11_AA,position_pair_identity
pair_identity_pos_11_AC,position_pair_identity
pair_identity_pos_11_AG,position_pair_identity
pair_identity_pos_11_AT,position_pair_identity
pair_identity_pos_11_A-,position_pair_identity
pair_identity_pos_11_CA,position_pair_identity
pair_identity_pos_11_CC,position_pair_identity
pair_identity_pos_11_CG,position_pair_identity
pair_identity_pos_11_CT,position_pair_identity
pair_identity_pos_11_C-,position_pair_identity
pair_identity_pos_11_GA,position_pair_identity
pair_identity_pos_11_GC,position_pair_identity
pair_identity_pos_11_GG,position_pair_identity
pair_identity_pos_11_GT,position_pair_identity
pair_identity_pos_11_G-,position_pair_identity
pair_identity_pos_11_TA,position_pair_identity
pair_identity_pos_11_TC,position_pair_identity
pair_identity_pos_11_TG,position_pair_identity
pair_identity_pos_11_TT,position_pair_identity
pair_identity_pos_11_T-,position_pair_identity
pair_identity_pos_12_AA,position_pair_identity
pair_identity_pos_12_AC,position_pair_identity
pair_identity_pos_12_AG,position_pair_identity
pair_identity_pos_12_AT,position_pair_identity
pair_identity_pos_12_A-,position_pair_identity
pair_identity_pos_12_CA,position_pair_identity
pair_identity_pos_12_CC,position_pair_identity
pair_identity_pos_12_CG,position_pair_identity
pair_identity_pos_12_CT,position_pair_identity
pair_identity_pos_12_C-,position_pair_identity
pair_identity_pos_12_GA,position_pair_identity
pair_identity_pos_12_GC,position_pair_identity
pair_identity_pos_12_GG,position_pair_identity
pair_identity_pos_12_GT,position_pair_identity
pair_identity_pos_12_G-,position_pair_identity
pair_identity_pos_12_TA,position_pair_identity
pair_identity_pos_12_TC,position_pair_identity
pair_identity_pos_12_TG,position_pair_identity
pair_identity_pos_12_TT,position_pair_identity
pair_identity_pos_12_T-,position_pair_identity
pair_identity_pos_13_AA,position_pair_identity
pair_identity_pos_13_AC,position_pair_identity
pair_identity_pos_13_AG,position_pair_identity
pair_identity_pos_13_AT,position_pair_identity
pair_identity_pos_13_A-,position_pair_identity
pair_identity_pos_13_CA,position_pair_identity
pair_identity_pos_13_CC,position_pair_identity
pair_identity_pos_13_CG,position_pair_identity
pair_identity_pos_13_CT,position_pair_identity
pair_identity_pos_13_C-,position_pair_identity
pair_identity_pos_13_GA,position_pair_identity
pair_identity_pos_13_GC,position_pair_identity
pair_identity_pos_13_GG,position_pair_identity
pair_identity_pos_13_GT,position_pair_identity
pair_identity_pos_13_G-,position_pair_identity
pair_identity_pos_13_TA,position_pair_identity
pair_identity_pos_13_TC,position_pair_identity
pair_identity_pos_13_TG,position_pair_identity
pair_identity_pos_13_TT,position_pair_identity
pair_identity_pos_13_T-,position_pair_identity
pair_identity_pos_14_AA,position_pair_identity
pair_identity_pos_14_AC,position_pair_identity
pair_identity_pos_14_AG,position_pair_identity
pair_identity_pos_14_AT,position_pair_identity
pair_identity_pos_14_A-,position_pair_identity
pair_identity_pos_14_CA,position_pair_identity
pair_identity_pos_14_CC,position_pair_identity
pair_identity_pos_14_CG,position_pair_identity
pair_identity_pos_14_CT,position_pair_identity
pair_identity_pos_14_C-,position_pair_identity
pair_identity_pos_14_GA,position_pair_identity
pair_identity_pos_14_GC,position_pair_identity
pair_identity_pos_14_GG,position_pair_identity
pair_identity_pos_14_GT,position_pair_identity
pair_identity_pos_14_G-,position_pair_identity
pair_identity_pos_14_TA,position_pair_identity
pair_identity_pos_14_TC,position_pair_identity
pair_identity_pos_14_TG,position_pair_identity
pair_identity_pos_14_TT,position_pair_identity
pair_identity_pos_14_T-,position_pair_identity
pair_identity_pos_15_AA,position_pair_identity
pair_identity_pos_15_AC,position_pair_identity
pair_identity_pos_15_AG,position_pair_identity
pair_identity_pos_15_AT,position_pair_identity
pair_identity_pos_15_A-,position_pair_identity
pair_identity_pos_15_CA,position_pair_identity
pair_identity_pos_15_CC,position_pair_identity
pair_identity_pos_15_CG,position_pair_identity
pair_identity_pos_15_CT,position_pair_identity
pair_identity_pos_15_C-,position_pair_identity
pair_identity_pos_15_GA,position_pair_identity
pair_identity_pos_15_GC,position_pair_identity
pair_identity_pos_15_GG,position_pair_identity
pair_identity_pos_15_GT,position_pair_identity
pair_identity_pos_15_G-,position_pair_identity
pair_identity_pos_15_TA,position_pair_identity
pair_identity_pos_15_TC,position_pair_identity
pair_identity_pos_15_TG,position_pair_identity
pair_identity_pos_15_TT,position_pair_identity
pair_identity_pos_15_T-,position_pair_identity
pair_identity_pos_16_AA,position_pair_identity
pair_identity_pos_16_AC,position_pair_identity
pair_identity_pos_16_AG,position_pair_identity
pair_identity_pos_16_AT,position_pair_identity
pair_identity_pos_16_A-,position_pair_identity
pair_identity_pos_16_CA,position_pair_identity
pair_identity_pos_16_CC,position_pair_identity
pair_identity_pos_16_CG,position_pair_identity
pair_identity_pos_16_CT,position_pair_identity
pair_identity_pos_16_C-,position_pair_identity
pair_identity_pos_16_GA,position_pair_identity
pair_identity_pos_16_GC,position_pair_identity
pair_identity_pos_16_GG,position_pair_identity
pair_identity_pos_16_GT,position_pair_identity
pair_identity_pos_16_G-,position_pair_identity
pair_identity_pos_16_TA,position_pair_identity
pair_identity_pos_16_TC,position_pair_identity
pair_identity_pos_16_TG,position_pair_identity
pair_identity_pos_16_TT,position_pair_identity
pair_identity_pos_16_T-,position_pair_identity
pair_identity_pos_17_AA,position_pair_identity
pair_identity_pos_17_AC,position_pair_identity
pair_identity_pos_17_AG,position_pair_identity
pair_identity_pos_17_AT,position_pair_identity
pair_identity_pos_17_A-,position_pair_identity
pair_identity_pos_17_CA,position_pair_identity
pair_identity_pos_17_CC,position_pair_identity
pair_identity_pos_17_CG,position_pair_identity
pair_identity_pos_17_CT,position_pair_identity
pair_identity_pos_17_C-,position_pair_identity
pair_identity_pos_17_GA,position_pair_identity
pair_identity_pos_17_GC,position_pair_identity
pair_identity_pos_17_GG,position_pair_identity
pair_identity_pos_17_GT,position_pair_identity
pair_identity_pos_17_G-,position_pair_identity
pair_identity_pos_17_TA,position_pair_identity
pair_identity_pos_17_TC,position_pair_identity
pair_identity_pos_17_TG,position_pair_identity
pair_identity_pos_17_TT,position_pair_identity
pair_identity_pos_17_T-,position_pair_identity
pair_identity_pos_18_AA,position_pair_identity
pair_identity_pos_18_AC,position_pair_identity
pair_identity_pos_18_AG,position_pair_identity
pair_identity_pos_18_AT,position_pair_identity
pair_identity_pos_18_A-,position_pair_identity
pair_identity_pos_18_CA,position_pair_identity
pair_identity_pos_18_CC,position_pair_identity
pair_identity_pos_18_CG,position_pair_identity
pair_identity_pos_18_CT,position_pair_identity
pair_identity_pos_18_C-,position_pair_identity
pair_identity_pos_18_GA,position_pair_identity
pair_identity_pos_18_GC,position_pair_identity
pair_identity_pos_18_GG,position_pair_identity
pair_identity_pos_18_GT,position_pair_identity
pair_identity_pos_18_G-,position_pair_identity
pair_identity_pos_18_TA,position_pair_identity
pair_identity_pos_18_TC,position_pair_identity
pair_identity_pos_18_TG,position_pair_identity
pair_identity_pos_18_TT,position_pair_identity
pair_identity_pos_18_T-,position_pair_identity
pair_identity_pos_19_AA,position_pair_identity
pair_identity_pos_19_AC,position_pair_identity
pair_identity_pos_19_AG,position_pair_identity
pair_identity_pos_19_AT,position_pair_identity
pair_identity_pos_19_A-,position_pair_identity
pair_identity_pos_19_CA,position_pair_identity
pair_identity_pos_19_CC,position_pair_identity
pair_identity_pos_19_CG,position_pair_identity
pair_identity_pos_19_CT,position_pair_identity
pair_identity_pos_19_C-,position_pair_identity
pair_identity_pos_19_GA,position_pair_identity
pair_identity_pos_19_GC,position_pair_identity
pair_identity_pos_19_GG,position_pair_identity
pair_identity_pos_19_GT,position_pair_identity
pair_identity_pos_19_G-,position_pair_identity
pair_identity_pos_19_TA,position_pair_identity
pair_identity_pos_19_TC,position_pair_identity
pair_identity_pos_19_TG,position_pair_identity
pair_identity_pos_19_TT,position_pair_identity
pair_identity_pos_19_T-,position_pair_identity
pair_identity_pos_20_AA,position_pair_identity
pair_identity_pos_20_AC,position_pair_identity
pair_identity_pos_20_AG,position_pair_identity
pair_identity_pos_20_AT,position_pair_identity
pair_identity_pos_20_A-,position_pair_identity
pair_identity_pos_20_CA,position_pair_identity
pair_identity_pos_20_CC,position_pair_identity
pair_identity_pos_20_CG,position_pair_identity
pair_identity_pos_20_CT,position_pair_identity
pair_identity_pos_20_C-,position_pair_identity
pair_identity_pos_20_GA,position_pair_identity
pair_identity_pos_20_GC,position_pair_identity
pair_identity_pos_20_GG,position_pair_identity
pair_identity_pos_20_GT,position_pair_identity
pair_identity_pos_20_G-,position_pair_identity
pair_identity_pos_20_TA,position_pair_identity
pair_identity_pos_20_TC,position_pair_identity
pair_identity_pos_20_TG,position_pair_identity
pair_identity_pos_20_TT,position_pair_identity
pair_identity_pos_20_T-,position_pair_identity
pair_identity_pos_21_AA,position_pair_identity
pair_identity_pos_21_AC,position_pair_identity
pair_identity_pos_21_AG,position_pair_identity
pair_identity_pos_21_AT,position_pair_identity
pair_identity_pos_21_A-,position_pair_identity
pair_identity_pos_21_CA,position_pair_identity
pair_identity_pos_21_CC,position_pair_identity
pair_identity_pos_21_CG,position_pair_identity
pair_identity_pos_21_CT,position_pair_identity
pair_identity_pos_21_C-,position_pair_identity
pair_identity_pos_21_GA,position_pair_identity
pair_identity_pos_21_GC,position_pair_identity
pair_identity_pos_21_GG,position_pair_identity
pair_identity_pos_21_GT,position_pair_identity
pair_identity_pos_21_G-,position_pair_identity
pair_identity_pos_21_TA,position_pair_identity
pair_identity_pos_21_TC,position_pair_identity
pair_identity_pos_21_TG,position_pair_identity
pair_identity_pos_21_TT,position_pair_identity
pair_identity_pos_21_T-,position_pair_identity
pair_identity_pos_22_AA,position_pair_identity
pair_identity_pos_22_AC,position_pair_identity
pair_identity_pos_22_AG,position_pair_identity
pair_identity_pos_22_AT,position_pair_identity
pair_identity_pos_22_A-,position_pair_identity
pair_identity_pos_22_CA,position_pair_identity
pair_identity_pos_22_CC,position_pair_identity
pair_identity_pos_22_CG,position_pair_identity
pair_identity_pos_22_CT,position_pair_identity
pair_identity_pos_22_C-,position_pair_identity
pair_identity_pos_22_GA,position_pair_identity
pair_identity_pos_22_GC,position_pair_identity
pair_identity_pos_22_GG,position_pair_identity
pair_identity_pos_22_GT,position_pair_identity
pair_identity_pos_22_G-,position_pair_identity
pair_identity_pos_22_TA,position_pair_identity
pair_identity_pos_22_TC,position_pair_identity
pair_identity_pos_22_TG,position_pair_identity
pair_identity_pos_22_TT,position_pair_identity
pair_identity_pos_22_T-,position_pair_identity
pair_identity_pos_23_AA,position_pair_identity
pair_identity_pos_23_AC,position_pair_identity
pair_identity_pos_23_AG,position_pair_identity
pair_identity_pos_23_AT,position_pair_identity
pair_identity_pos_23_A-,position_pair_identity
pair_identity_pos_23_CA,position_pair_identity
pair_identity_pos_23_CC,position_pair_identity
pair_identity_pos_23_CG,position_pair_identity
pair_identity_pos_23_CT,position_pair_identity
pair_identity_pos_23_C-,position_pair_identity
pair_identity_pos_23_GA,position_pair_identity
pair_identity_pos_23_GC,position_pair_identity
pair_identity_pos_23_GG,position_pair_identity
pair_identity_pos_23_GT,position_pair_identity
pair_identity_pos_23_G-,position_pair_identity
pair_identity_pos_23_TA,position_pair_identity
pair_identity_pos_23_TC,position_pair_identity
pair_identity_pos_23_TG,position_pair_identity
pair_identity_pos_23_TT,position_pair_identity
pair_identity_pos_23_T-,position_pair_identity
pair_identity_pos_24_AA,position_pair_identity
pair_identity_pos_24_AC,position_pair_identity
pair_identity_pos_24_AG,position_pair_identity
pair_identity_pos_24_AT,position_pair_identity
pair_identity_pos_24_A-,position_pair_identity
pair_identity_pos_24_CA,position_pair_identity
pair_identity_pos_24_CC,position_pair_identity
pair_identity_pos_24_CG,position_pair_identity
pair_identity_pos_24_CT,position_pair_identity
pair_identity_pos_24_C-,position_pair_identity
pair_identity_pos_24_GA,position_pair_identity
pair_identity_pos_24_GC,position_pair_identity
pair_identity_pos_24_GG,position_pair_identity
pair_identity_pos_24_GT,position_pair_identity
pair_identity_pos_24_G-,position_pair_identity
pair_identity_pos_24_TA,position_pair_identity
pair_identity_pos_24_TC,position_pair_identity
pair_identity_pos_24_TG,position_pair_identity
pair_identity_pos_24_TT,position_pair_identity
pair_identity_pos_24_T-,position_pair_identity
pair_identity_pos_25_AA,position_pair_identity
pair_identity_pos_25_AC,position_pair_identity
pair_identity_pos_25_AG,position_pair_identity
pair_identity_pos_25_AT,position_pair_identity
pair_identity_pos_25_A-,position_pair_identity
pair_identity_pos_25_CA,position_pair_identity
pair_identity_pos_25_CC,position_pair_identity
pair_identity_pos_25_CG,position_pair_identity
pair_identity_pos_25_CT,position_pair_identity
pair_identity_pos_25_C-,position_pair_identity
pair_identity_pos_25_GA,position_pair_identity
pair_identity_pos_25_GC,position_pair_identity
pair_identity_pos_25_GG,position_pair_identity
pair_identity_pos_25_GT,position_pair_identity
pair_identity_pos_25_G-,position_pair_identity
pair_identity_pos_25_TA,position_pair_identity
pair_identity_pos_25_TC,position_pair_identity
pair_identity_pos_25_TG,position_pair_identity
pair_identity_pos_25_TT,position_pair_identity
pair_identity_pos_25_T-,position_pair_identity
mapping_hit_count,mapping_numeric
mapping_template_count,mapping_numeric
mapping_group_count,mapping_numeric
mapping_orientation_count,mapping_numeric
mapping_te_mapping_candidate_group_ids,crossfitted_mapping_target_encoding
mapping_te_mapping_candidate_group_ids_log_count,crossfitted_mapping_target_encoding
mapping_te_mapping_status,crossfitted_mapping_target_encoding
mapping_te_mapping_status_log_count,crossfitted_mapping_target_encoding
mapping_te_mapping_confidence,crossfitted_mapping_target_encoding
mapping_te_mapping_confidence_log_count,crossfitted_mapping_target_encoding
mapping_te_mapping_candidate_template_nos,crossfitted_mapping_target_encoding
mapping_te_mapping_candidate_template_nos_log_count,crossfitted_mapping_target_encoding
mapping_te_mapping_match_modes,crossfitted_mapping_target_encoding
mapping_te_mapping_match_modes_log_count,crossfitted_mapping_target_encoding
mapping_te_mapping_candidate_orientations,crossfitted_mapping_target_encoding
mapping_te_mapping_candidate_orientations_log_count,crossfitted_mapping_target_encoding
mapping_cat_mapping_candidate_group_ids_EasyDesign_2024_template_group_01,mapping_categorical_onehot
mapping_cat_mapping_candidate_group_ids_EasyDesign_2024_template_group_03,mapping_categorical_onehot
mapping_cat_mapping_candidate_group_ids_EasyDesign_2024_template_group_04,mapping_categorical_onehot
mapping_cat_mapping_candidate_group_ids_EasyDesign_2024_template_group_05;EasyDesign_2024_template_group_16,mapping_categorical_onehot
mapping_cat_mapping_candidate_group_ids_EasyDesign_2024_template_group_06,mapping_categorical_onehot
mapping_cat_mapping_candidate_group_ids_EasyDesign_2024_template_group_07,mapping_categorical_onehot
mapping_cat_mapping_candidate_group_ids_EasyDesign_2024_template_group_08,mapping_categorical_onehot
mapping_cat_mapping_candidate_group_ids_EasyDesign_2024_template_group_09,mapping_categorical_onehot
mapping_cat_mapping_candidate_group_ids_EasyDesign_2024_template_group_11,mapping_categorical_onehot
mapping_cat_mapping_candidate_group_ids_EasyDesign_2024_template_group_12,mapping_categorical_onehot
mapping_cat_mapping_candidate_group_ids_EasyDesign_2024_template_group_13,mapping_categorical_onehot
mapping_cat_mapping_candidate_group_ids_EasyDesign_2024_template_group_14,mapping_categorical_onehot
mapping_cat_mapping_candidate_group_ids_EasyDesign_2024_template_group_15,mapping_categorical_onehot
mapping_cat_mapping_candidate_group_ids_EasyDesign_2024_template_group_16,mapping_categorical_onehot
mapping_cat_mapping_candidate_group_ids_EasyDesign_2024_template_group_17,mapping_categorical_onehot
mapping_cat_mapping_candidate_group_ids_EasyDesign_2024_template_group_18,mapping_categorical_onehot
mapping_cat_mapping_candidate_group_ids_EasyDesign_2024_template_group_19,mapping_categorical_onehot
mapping_cat_mapping_candidate_group_ids_EasyDesign_2024_template_group_20,mapping_categorical_onehot
mapping_cat_mapping_candidate_group_ids_EasyDesign_2024_template_group_21,mapping_categorical_onehot
mapping_cat_mapping_candidate_group_ids_EasyDesign_2024_template_group_22,mapping_categorical_onehot
mapping_cat_mapping_candidate_group_ids_missing,mapping_categorical_onehot
mapping_cat_mapping_status_ambiguous_multiple_groups,mapping_categorical_onehot
mapping_cat_mapping_status_ambiguous_template_single_group,mapping_categorical_onehot
mapping_cat_mapping_status_iupac_compatible_single_group,mapping_categorical_onehot
mapping_cat_mapping_status_unique_exact_window,mapping_categorical_onehot
mapping_cat_mapping_status_unmapped_exact_or_iupac,mapping_categorical_onehot
mapping_cat_mapping_confidence_high,mapping_categorical_onehot
mapping_cat_mapping_confidence_medium,mapping_categorical_onehot
mapping_cat_mapping_confidence_review,mapping_categorical_onehot
mapping_cat_mapping_candidate_template_nos_1,mapping_categorical_onehot
mapping_cat_mapping_candidate_template_nos_100,mapping_categorical_onehot
mapping_cat_mapping_candidate_template_nos_100;101;102;103;104;105;106;107;108,mapping_categorical_onehot
mapping_cat_mapping_candidate_template_nos_100;103,mapping_categorical_onehot
mapping_cat_mapping_candidate_template_nos_100;103;105;106;107;108,mapping_categorical_onehot
mapping_cat_mapping_candidate_template_nos_100;103;106,mapping_categorical_onehot
mapping_cat_mapping_candidate_template_nos_100;103;107,mapping_categorical_onehot
mapping_cat_mapping_candidate_template_nos_100;103;107;108,mapping_categorical_onehot
mapping_cat_mapping_candidate_template_nos_100;104,mapping_categorical_onehot
mapping_cat_mapping_candidate_template_nos_100;104;105;106;107;108,mapping_categorical_onehot
mapping_cat_mapping_candidate_template_nos_100;104;106;107;108,mapping_categorical_onehot
mapping_cat_mapping_candidate_template_nos_100;104;107,mapping_categorical_onehot
mapping_cat_mapping_candidate_template_nos_100;104;107;108,mapping_categorical_onehot
mapping_cat_mapping_candidate_template_nos_100;105,mapping_categorical_onehot
mapping_cat_mapping_candidate_template_nos_100;105;106,mapping_categorical_onehot
mapping_cat_mapping_candidate_template_nos_100;105;106;107,mapping_categorical_onehot
mapping_cat_mapping_candidate_template_nos_100;105;106;107;108,mapping_categorical_onehot
mapping_cat_mapping_candidate_template_nos_100;105;106;108,mapping_categorical_onehot
mapping_cat_mapping_candidate_template_nos_100;105;107;108,mapping_categorical_onehot
mapping_cat_mapping_candidate_template_nos_100;106,mapping_categorical_onehot
mapping_cat_mapping_candidate_template_nos_100;106;107;108,mapping_categorical_onehot
mapping_cat_mapping_candidate_template_nos_100;107,mapping_categorical_onehot
mapping_cat_mapping_candidate_template_nos_100;107;108,mapping_categorical_onehot
mapping_cat_mapping_candidate_template_nos_101,mapping_categorical_onehot
mapping_cat_mapping_candidate_template_nos_101;103,mapping_categorical_onehot
mapping_cat_mapping_candidate_template_nos_101;105,mapping_categorical_onehot
mapping_cat_mapping_candidate_template_nos_102,mapping_categorical_onehot
mapping_cat_mapping_candidate_template_nos_102;104,mapping_categorical_onehot
mapping_cat_mapping_candidate_template_nos_102;106,mapping_categorical_onehot
mapping_cat_mapping_candidate_template_nos_103,mapping_categorical_onehot
mapping_cat_mapping_candidate_template_nos_103;105,mapping_categorical_onehot
mapping_cat_mapping_candidate_template_nos_104,mapping_categorical_onehot
mapping_cat_mapping_candidate_template_nos_104;106,mapping_categorical_onehot
mapping_cat_mapping_candidate_template_nos_105,mapping_categorical_onehot
mapping_cat_mapping_candidate_template_nos_106,mapping_categorical_onehot
mapping_cat_mapping_candidate_template_nos_108,mapping_categorical_onehot
mapping_cat_mapping_candidate_template_nos_109,mapping_categorical_onehot
mapping_cat_mapping_candidate_template_nos_109;111;112;113;114;115;116;117,mapping_categorical_onehot
mapping_cat_mapping_candidate_template_nos_109;112,mapping_categorical_onehot
mapping_cat_mapping_candidate_template_nos_109;112;115,mapping_categorical_onehot
mapping_cat_mapping_candidate_template_nos_109;112;116;117,mapping_categorical_onehot
mapping_cat_mapping_candidate_template_nos_109;113,mapping_categorical_onehot
mapping_cat_mapping_candidate_template_nos_109;113;114;115;116;117,mapping_categorical_onehot
mapping_cat_mapping_candidate_template_nos_109;113;116;117,mapping_categorical_onehot
mapping_cat_mapping_candidate_template_nos_109;114,mapping_categorical_onehot
mapping_cat_mapping_candidate_template_nos_109;114;115,mapping_categorical_onehot
mapping_cat_mapping_candidate_template_nos_109;114;115;116;117,mapping_categorical_onehot
mapping_cat_mapping_candidate_template_nos_109;114;115;117,mapping_categorical_onehot
mapping_cat_mapping_candidate_template_nos_109;114;116;117,mapping_categorical_onehot
mapping_cat_mapping_candidate_template_nos_109;115,mapping_categorical_onehot
mapping_cat_mapping_candidate_template_nos_109;115;116;117,mapping_categorical_onehot
mapping_cat_mapping_candidate_template_nos_109;116,mapping_categorical_onehot
mapping_cat_mapping_candidate_template_nos_109;116;117,mapping_categorical_onehot
mapping_cat_mapping_candidate_template_nos_109;117,mapping_categorical_onehot
mapping_cat_mapping_candidate_template_nos_110,mapping_categorical_onehot
mapping_cat_mapping_candidate_template_nos_110;112,mapping_categorical_onehot
mapping_cat_mapping_candidate_template_nos_110;114,mapping_categorical_onehot
mapping_cat_mapping_candidate_template_nos_111,mapping_categorical_onehot
mapping_cat_mapping_candidate_template_nos_111;113,mapping_categorical_onehot
mapping_cat_mapping_candidate_template_nos_111;115,mapping_categorical_onehot
mapping_cat_mapping_candidate_template_nos_111;116,mapping_categorical_onehot
mapping_cat_mapping_candidate_template_nos_112,mapping_categorical_onehot
mapping_cat_mapping_candidate_template_nos_112;114,mapping_categorical_onehot
mapping_cat_mapping_candidate_template_nos_113,mapping_categorical_onehot
mapping_cat_mapping_candidate_template_nos_113;115,mapping_categorical_onehot
mapping_cat_mapping_candidate_template_nos_114,mapping_categorical_onehot
mapping_cat_mapping_candidate_template_nos_115,mapping_categorical_onehot
mapping_cat_mapping_candidate_template_nos_115;117,mapping_categorical_onehot
mapping_cat_mapping_candidate_template_nos_117,mapping_categorical_onehot
mapping_cat_mapping_candidate_template_nos_118,mapping_categorical_onehot
mapping_cat_mapping_candidate_template_nos_118;119;120;121;122;123;124;125;126,mapping_categorical_onehot
mapping_cat_mapping_candidate_template_nos_118;119;123;124;125;126,mapping_categorical_onehot
mapping_cat_mapping_candidate_template_nos_118;121,mapping_categorical_onehot
mapping_cat_mapping_candidate_template_nos_118;121;123,mapping_categorical_onehot
mapping_cat_mapping_candidate_template_nos_118;121;125;126,mapping_categorical_onehot
mapping_cat_mapping_candidate_template_nos_118;122;123;124;125;126,mapping_categorical_onehot
mapping_cat_mapping_candidate_template_nos_118;122;124;125;126,mapping_categorical_onehot
mapping_cat_mapping_candidate_template_nos_118;122;125;126,mapping_categorical_onehot
mapping_cat_mapping_candidate_template_nos_118;123,mapping_categorical_onehot
mapping_cat_mapping_candidate_template_nos_118;123;124,mapping_categorical_onehot
mapping_cat_mapping_candidate_template_nos_118;123;124;125;126,mapping_categorical_onehot
mapping_cat_mapping_candidate_template_nos_118;123;124;126,mapping_categorical_onehot
mapping_cat_mapping_candidate_template_nos_118;123;125;126,mapping_categorical_onehot
mapping_cat_mapping_candidate_template_nos_118;124,mapping_categorical_onehot
mapping_cat_mapping_candidate_template_nos_118;125,mapping_categorical_onehot
mapping_cat_mapping_candidate_template_nos_118;125;126,mapping_categorical_onehot
mapping_cat_mapping_candidate_template_nos_119,mapping_categorical_onehot
mapping_cat_mapping_candidate_template_nos_119;123,mapping_categorical_onehot
mapping_cat_mapping_candidate_template_nos_120,mapping_categorical_onehot
mapping_cat_mapping_candidate_template_nos_120;124,mapping_categorical_onehot
mapping_cat_mapping_candidate_template_nos_121,mapping_categorical_onehot
mapping_cat_mapping_candidate_template_nos_122,mapping_categorical_onehot
mapping_cat_mapping_candidate_template_nos_123,mapping_categorical_onehot
mapping_cat_mapping_candidate_template_nos_124,mapping_categorical_onehot
mapping_cat_mapping_candidate_template_nos_124;126,mapping_categorical_onehot
mapping_cat_mapping_candidate_template_nos_125;126,mapping_categorical_onehot
mapping_cat_mapping_candidate_template_nos_126,mapping_categorical_onehot
mapping_cat_mapping_candidate_template_nos_127,mapping_categorical_onehot
mapping_cat_mapping_candidate_template_nos_127;128;129;130;131;132;133;134;135,mapping_categorical_onehot
mapping_cat_mapping_candidate_template_nos_127;130;131;133;134;135,mapping_categorical_onehot
mapping_cat_mapping_candidate_template_nos_127;130;135,mapping_categorical_onehot
mapping_cat_mapping_candidate_template_nos_127;131,mapping_categorical_onehot
mapping_cat_mapping_candidate_template_nos_127;131;135,mapping_categorical_onehot
mapping_cat_mapping_candidate_template_nos_127;132,mapping_categorical_onehot
mapping_cat_mapping_candidate_template_nos_127;132;133,mapping_categorical_onehot
mapping_cat_mapping_candidate_template_nos_127;132;134;135,mapping_categorical_onehot
mapping_cat_mapping_candidate_template_nos_127;133,mapping_categorical_onehot
mapping_cat_mapping_candidate_template_nos_127;133;134;135,mapping_categorical_onehot
mapping_cat_mapping_candidate_template_nos_127;134,mapping_categorical_onehot
mapping_cat_mapping_candidate_template_nos_127;134;135,mapping_categorical_onehot
mapping_cat_mapping_candidate_template_nos_128,mapping_categorical_onehot
mapping_cat_mapping_candidate_template_nos_128;130,mapping_categorical_onehot
mapping_cat_mapping_candidate_template_nos_128;132,mapping_categorical_onehot
mapping_cat_mapping_candidate_template_nos_129,mapping_categorical_onehot
mapping_cat_mapping_candidate_template_nos_129;131,mapping_categorical_onehot
mapping_cat_mapping_candidate_template_nos_129;133,mapping_categorical_onehot
mapping_cat_mapping_candidate_template_nos_130,mapping_categorical_onehot
mapping_cat_mapping_candidate_template_nos_131,mapping_categorical_onehot
mapping_cat_mapping_candidate_template_nos_132,mapping_categorical_onehot
mapping_cat_mapping_candidate_template_nos_133,mapping_categorical_onehot
mapping_cat_mapping_candidate_template_nos_134;135,mapping_categorical_onehot
mapping_cat_mapping_candidate_template_nos_135,mapping_categorical_onehot
mapping_cat_mapping_candidate_template_nos_136,mapping_categorical_onehot
mapping_cat_mapping_candidate_template_nos_136;137;138;139;140;141;142;143;144,mapping_categorical_onehot
mapping_cat_mapping_candidate_template_nos_136;139,mapping_categorical_onehot
mapping_cat_mapping_candidate_template_nos_136;141,mapping_categorical_onehot
mapping_cat_mapping_candidate_template_nos_136;141;142;144,mapping_categorical_onehot
mapping_cat_mapping_candidate_template_nos_136;143;144,mapping_categorical_onehot
mapping_cat_mapping_candidate_template_nos_137,mapping_categorical_onehot
mapping_cat_mapping_candidate_template_nos_137;139,mapping_categorical_onehot
mapping_cat_mapping_candidate_template_nos_137;141,mapping_categorical_onehot
mapping_cat_mapping_candidate_template_nos_138,mapping_categorical_onehot
mapping_cat_mapping_candidate_template_nos_138;140,mapping_categorical_onehot
mapping_cat_mapping_candidate_template_nos_138;142,mapping_categorical_onehot
mapping_cat_mapping_candidate_template_nos_139,mapping_categorical_onehot
mapping_cat_mapping_candidate_template_nos_139;141,mapping_categorical_onehot
mapping_cat_mapping_candidate_template_nos_140,mapping_categorical_onehot
mapping_cat_mapping_candidate_template_nos_141,mapping_categorical_onehot
mapping_cat_mapping_candidate_template_nos_142,mapping_categorical_onehot
mapping_cat_mapping_candidate_template_nos_144,mapping_categorical_onehot
mapping_cat_mapping_candidate_template_nos_145,mapping_categorical_onehot
mapping_cat_mapping_candidate_template_nos_145;146;147;148;149;150;151;152;153,mapping_categorical_onehot
mapping_cat_mapping_candidate_template_nos_145;148,mapping_categorical_onehot
mapping_cat_mapping_candidate_template_nos_145;148;151,mapping_categorical_onehot
mapping_cat_mapping_candidate_template_nos_145;149;150;151,mapping_categorical_onehot
mapping_cat_mapping_candidate_template_nos_145;149;150;151;153,mapping_categorical_onehot
mapping_cat_mapping_candidate_template_nos_145;149;152;153,mapping_categorical_onehot
mapping_cat_mapping_candidate_template_nos_145;150,mapping_categorical_onehot
mapping_cat_mapping_candidate_template_nos_145;150;151,mapping_categorical_onehot
mapping_cat_mapping_candidate_template_nos_145;151;152;153,mapping_categorical_onehot
mapping_cat_mapping_candidate_template_nos_145;152;153,mapping_categorical_onehot
mapping_cat_mapping_candidate_template_nos_146,mapping_categorical_onehot
mapping_cat_mapping_candidate_template_nos_147,mapping_categorical_onehot
mapping_cat_mapping_candidate_template_nos_147;149,mapping_categorical_onehot
mapping_cat_mapping_candidate_template_nos_147;151,mapping_categorical_onehot
mapping_cat_mapping_candidate_template_nos_148,mapping_categorical_onehot
mapping_cat_mapping_candidate_template_nos_149,mapping_categorical_onehot
mapping_cat_mapping_candidate_template_nos_150,mapping_categorical_onehot
mapping_cat_mapping_candidate_template_nos_151,mapping_categorical_onehot
mapping_cat_mapping_candidate_template_nos_153,mapping_categorical_onehot
mapping_cat_mapping_candidate_template_nos_154,mapping_categorical_onehot
mapping_cat_mapping_candidate_template_nos_154;155;156;157;158;159;160;161;162,mapping_categorical_onehot
mapping_cat_mapping_candidate_template_nos_154;155;156;157;159;160,mapping_categorical_onehot
mapping_cat_mapping_candidate_template_nos_154;157,mapping_categorical_onehot
mapping_cat_mapping_candidate_template_nos_154;157;161;162,mapping_categorical_onehot
mapping_cat_mapping_candidate_template_nos_154;158,mapping_categorical_onehot
mapping_cat_mapping_candidate_template_nos_154;158;160;161;162,mapping_categorical_onehot
mapping_cat_mapping_candidate_template_nos_154;158;161;162,mapping_categorical_onehot
mapping_cat_mapping_candidate_template_nos_154;159;160,mapping_categorical_onehot
mapping_cat_mapping_candidate_template_nos_154;159;160;161;162,mapping_categorical_onehot
mapping_cat_mapping_candidate_template_nos_154;159;161;162,mapping_categorical_onehot
mapping_cat_mapping_candidate_template_nos_154;160,mapping_categorical_onehot
mapping_cat_mapping_candidate_template_nos_154;160;161;162,mapping_categorical_onehot
mapping_cat_mapping_candidate_template_nos_154;161,mapping_categorical_onehot
mapping_cat_mapping_candidate_template_nos_154;161;162,mapping_categorical_onehot
mapping_cat_mapping_candidate_template_nos_154;162,mapping_categorical_onehot
mapping_cat_mapping_candidate_template_nos_155,mapping_categorical_onehot
mapping_cat_mapping_candidate_template_nos_155;159,mapping_categorical_onehot
mapping_cat_mapping_candidate_template_nos_156,mapping_categorical_onehot
mapping_cat_mapping_candidate_template_nos_156;158,mapping_categorical_onehot
mapping_cat_mapping_candidate_template_nos_156;160,mapping_categorical_onehot
mapping_cat_mapping_candidate_template_nos_157,mapping_categorical_onehot
mapping_cat_mapping_candidate_template_nos_157;159,mapping_categorical_onehot
mapping_cat_mapping_candidate_template_nos_158,mapping_categorical_onehot
mapping_cat_mapping_candidate_template_nos_158;160,mapping_categorical_onehot
mapping_cat_mapping_candidate_template_nos_159,mapping_categorical_onehot
mapping_cat_mapping_candidate_template_nos_160,mapping_categorical_onehot
mapping_cat_mapping_candidate_template_nos_161;162,mapping_categorical_onehot
mapping_cat_mapping_candidate_template_nos_162,mapping_categorical_onehot
mapping_cat_mapping_candidate_template_nos_164,mapping_categorical_onehot
mapping_cat_mapping_candidate_template_nos_164;169,mapping_categorical_onehot
mapping_cat_mapping_candidate_template_nos_165;168,mapping_categorical_onehot
mapping_cat_mapping_candidate_template_nos_168,mapping_categorical_onehot
mapping_cat_mapping_candidate_template_nos_168;169,mapping_categorical_onehot
mapping_cat_mapping_candidate_template_nos_172,mapping_categorical_onehot
mapping_cat_mapping_candidate_template_nos_172;173;174;175;176;177;178;179;180,mapping_categorical_onehot
mapping_cat_mapping_candidate_template_nos_172;173;174;175;176;177;178;180,mapping_categorical_onehot
mapping_cat_mapping_candidate_template_nos_172;173;174;175;177;178,mapping_categorical_onehot
mapping_cat_mapping_candidate_template_nos_172;175,mapping_categorical_onehot
mapping_cat_mapping_candidate_template_nos_172;175;176;177;178;179;180,mapping_categorical_onehot
mapping_cat_mapping_candidate_template_nos_172;175;176;179;180,mapping_categorical_onehot
mapping_cat_mapping_candidate_template_nos_172;175;177;178;179;180,mapping_categorical_onehot
mapping_cat_mapping_candidate_template_nos_172;175;177;179,mapping_categorical_onehot
mapping_cat_mapping_candidate_template_nos_172;175;179;180,mapping_categorical_onehot
mapping_cat_mapping_candidate_template_nos_172;176,mapping_categorical_onehot
mapping_cat_mapping_candidate_template_nos_172;176;179;180,mapping_categorical_onehot
mapping_cat_mapping_candidate_template_nos_172;177,mapping_categorical_onehot
mapping_cat_mapping_candidate_template_nos_172;177;178,mapping_categorical_onehot
mapping_cat_mapping_candidate_template_nos_172;177;178;179;180,mapping_categorical_onehot
mapping_cat_mapping_candidate_template_nos_172;177;179;180,mapping_categorical_onehot
mapping_cat_mapping_candidate_template_nos_172;178,mapping_categorical_onehot
mapping_cat_mapping_candidate_template_nos_172;178;179;180,mapping_categorical_onehot
mapping_cat_mapping_candidate_template_nos_172;179,mapping_categorical_onehot
mapping_cat_mapping_candidate_template_nos_172;179;180,mapping_categorical_onehot
mapping_cat_mapping_candidate_template_nos_173,mapping_categorical_onehot
mapping_cat_mapping_candidate_template_nos_173;175,mapping_categorical_onehot
mapping_cat_mapping_candidate_template_nos_173;177,mapping_categorical_onehot
mapping_cat_mapping_candidate_template_nos_174,mapping_categorical_onehot
mapping_cat_mapping_candidate_template_nos_174;176,mapping_categorical_onehot
mapping_cat_mapping_candidate_template_nos_174;178,mapping_categorical_onehot
mapping_cat_mapping_candidate_template_nos_175,mapping_categorical_onehot
mapping_cat_mapping_candidate_template_nos_176,mapping_categorical_onehot
mapping_cat_mapping_candidate_template_nos_176;178,mapping_categorical_onehot
mapping_cat_mapping_candidate_template_nos_176;180,mapping_categorical_onehot
mapping_cat_mapping_candidate_template_nos_177,mapping_categorical_onehot
mapping_cat_mapping_candidate_template_nos_178,mapping_categorical_onehot
mapping_cat_mapping_candidate_template_nos_180,mapping_categorical_onehot
mapping_cat_mapping_candidate_template_nos_181,mapping_categorical_onehot
mapping_cat_mapping_candidate_template_nos_181;182;183;184;185;186;187;188;189,mapping_categorical_onehot
mapping_cat_mapping_candidate_template_nos_181;182;183;184;185;186;188;189,mapping_categorical_onehot
mapping_cat_mapping_candidate_template_nos_181;184,mapping_categorical_onehot
mapping_cat_mapping_candidate_template_nos_181;184;188;189,mapping_categorical_onehot
mapping_cat_mapping_candidate_template_nos_181;185,mapping_categorical_onehot
mapping_cat_mapping_candidate_template_nos_181;185;188;189,mapping_categorical_onehot
mapping_cat_mapping_candidate_template_nos_181;185;189,mapping_categorical_onehot
mapping_cat_mapping_candidate_template_nos_181;186,mapping_categorical_onehot
mapping_cat_mapping_candidate_template_nos_181;186;187,mapping_categorical_onehot
mapping_cat_mapping_candidate_template_nos_181;186;187;188;189,mapping_categorical_onehot
mapping_cat_mapping_candidate_template_nos_181;186;188;189,mapping_categorical_onehot
mapping_cat_mapping_candidate_template_nos_181;187,mapping_categorical_onehot
mapping_cat_mapping_candidate_template_nos_181;187;188;189,mapping_categorical_onehot
mapping_cat_mapping_candidate_template_nos_181;188,mapping_categorical_onehot
mapping_cat_mapping_candidate_template_nos_181;188;189,mapping_categorical_onehot
mapping_cat_mapping_candidate_template_nos_181;189,mapping_categorical_onehot
mapping_cat_mapping_candidate_template_nos_182,mapping_categorical_onehot
mapping_cat_mapping_candidate_template_nos_183,mapping_categorical_onehot
mapping_cat_mapping_candidate_template_nos_183;187,mapping_categorical_onehot
mapping_cat_mapping_candidate_template_nos_184,mapping_categorical_onehot
mapping_cat_mapping_candidate_template_nos_184;186,mapping_categorical_onehot
mapping_cat_mapping_candidate_template_nos_184;188,mapping_categorical_onehot
mapping_cat_mapping_candidate_template_nos_185,mapping_categorical_onehot
mapping_cat_mapping_candidate_template_nos_186,mapping_categorical_onehot
mapping_cat_mapping_candidate_template_nos_187,mapping_categorical_onehot
mapping_cat_mapping_candidate_template_nos_189,mapping_categorical_onehot
mapping_cat_mapping_candidate_template_nos_19,mapping_categorical_onehot
mapping_cat_mapping_candidate_template_nos_190,mapping_categorical_onehot
mapping_cat_mapping_candidate_template_nos_190;191;192;193;194;195;196,mapping_categorical_onehot
mapping_cat_mapping_candidate_template_nos_190;197,mapping_categorical_onehot
mapping_cat_mapping_candidate_template_nos_190;197;198,mapping_categorical_onehot
mapping_cat_mapping_candidate_template_nos_190;198,mapping_categorical_onehot
mapping_cat_mapping_candidate_template_nos_191,mapping_categorical_onehot
mapping_cat_mapping_candidate_template_nos_191;196,mapping_categorical_onehot
mapping_cat_mapping_candidate_template_nos_192,mapping_categorical_onehot
mapping_cat_mapping_candidate_template_nos_192;195,mapping_categorical_onehot
mapping_cat_mapping_candidate_template_nos_193,mapping_categorical_onehot
mapping_cat_mapping_candidate_template_nos_194,mapping_categorical_onehot
mapping_cat_mapping_candidate_template_nos_195,mapping_categorical_onehot
mapping_cat_mapping_candidate_template_nos_195;196,mapping_categorical_onehot
mapping_cat_mapping_candidate_template_nos_196,mapping_categorical_onehot
mapping_cat_mapping_candidate_template_nos_198,mapping_categorical_onehot
mapping_cat_mapping_candidate_template_nos_19;20;21;22;23;24;25;26;27,mapping_categorical_onehot
mapping_cat_mapping_candidate_template_nos_19;20;21;24;25,mapping_categorical_onehot
mapping_cat_mapping_candidate_template_nos_19;23,mapping_categorical_onehot
mapping_cat_mapping_candidate_template_nos_19;23;24;25,mapping_categorical_onehot
mapping_cat_mapping_candidate_template_nos_19;23;24;25;26;27,mapping_categorical_onehot
mapping_cat_mapping_candidate_template_nos_19;24,mapping_categorical_onehot
mapping_cat_mapping_candidate_template_nos_19;24;25,mapping_categorical_onehot
mapping_cat_mapping_candidate_template_nos_19;24;25;26,mapping_categorical_onehot
mapping_cat_mapping_candidate_template_nos_19;24;25;26;27,mapping_categorical_onehot
mapping_cat_mapping_candidate_template_nos_19;25,mapping_categorical_onehot
mapping_cat_mapping_candidate_template_nos_19;26;27,mapping_categorical_onehot
mapping_cat_mapping_candidate_template_nos_19;27,mapping_categorical_onehot
mapping_cat_mapping_candidate_template_nos_1;4,mapping_categorical_onehot
mapping_cat_mapping_candidate_template_nos_1;4;9,mapping_categorical_onehot
mapping_cat_mapping_candidate_template_nos_1;5,mapping_categorical_onehot
mapping_cat_mapping_candidate_template_nos_1;5;6;7;8;9,mapping_categorical_onehot
mapping_cat_mapping_candidate_template_nos_1;5;8;9,mapping_categorical_onehot
mapping_cat_mapping_candidate_template_nos_1;6,mapping_categorical_onehot
mapping_cat_mapping_candidate_template_nos_1;6;7,mapping_categorical_onehot
mapping_cat_mapping_candidate_template_nos_1;6;7;8;9,mapping_categorical_onehot
mapping_cat_mapping_candidate_template_nos_1;6;7;9,mapping_categorical_onehot
mapping_cat_mapping_candidate_template_nos_1;6;8;9,mapping_categorical_onehot
mapping_cat_mapping_candidate_template_nos_1;7,mapping_categorical_onehot
mapping_cat_mapping_candidate_template_nos_1;7;8,mapping_categorical_onehot
mapping_cat_mapping_candidate_template_nos_1;8;9,mapping_categorical_onehot
mapping_cat_mapping_candidate_template_nos_1;9,mapping_categorical_onehot
mapping_cat_mapping_candidate_template_nos_20,mapping_categorical_onehot
mapping_cat_mapping_candidate_template_nos_20;22,mapping_categorical_onehot
mapping_cat_mapping_candidate_template_nos_21,mapping_categorical_onehot
mapping_cat_mapping_candidate_template_nos_21;25,mapping_categorical_onehot
mapping_cat_mapping_candidate_template_nos_22,mapping_categorical_onehot
mapping_cat_mapping_candidate_template_nos_23,mapping_categorical_onehot
mapping_cat_mapping_candidate_template_nos_24,mapping_categorical_onehot
mapping_cat_mapping_candidate_template_nos_27,mapping_categorical_onehot
mapping_cat_mapping_candidate_template_nos_28,mapping_categorical_onehot
mapping_cat_mapping_candidate_template_nos_28;29;30;31;32;33;34;35;36,mapping_categorical_onehot
mapping_cat_mapping_candidate_template_nos_28;29;30;33;34;35;36,mapping_categorical_onehot
mapping_cat_mapping_candidate_template_nos_28;31,mapping_categorical_onehot
mapping_cat_mapping_candidate_template_nos_28;31;36,mapping_categorical_onehot
mapping_cat_mapping_candidate_template_nos_28;32,mapping_categorical_onehot
mapping_cat_mapping_candidate_template_nos_28;32;33;34;35;36,mapping_categorical_onehot
mapping_cat_mapping_candidate_template_nos_28;32;34,mapping_categorical_onehot
mapping_cat_mapping_candidate_template_nos_28;32;35,mapping_categorical_onehot
mapping_cat_mapping_candidate_template_nos_28;32;35;36,mapping_categorical_onehot
mapping_cat_mapping_candidate_template_nos_28;33;34,mapping_categorical_onehot
mapping_cat_mapping_candidate_template_nos_28;33;34;35;36,mapping_categorical_onehot
mapping_cat_mapping_candidate_template_nos_28;33;35;36,mapping_categorical_onehot
mapping_cat_mapping_candidate_template_nos_28;34,mapping_categorical_onehot
mapping_cat_mapping_candidate_template_nos_28;34;35;36,mapping_categorical_onehot
mapping_cat_mapping_candidate_template_nos_28;35,mapping_categorical_onehot
mapping_cat_mapping_candidate_template_nos_28;35;36,mapping_categorical_onehot
mapping_cat_mapping_candidate_template_nos_28;36,mapping_categorical_onehot
mapping_cat_mapping_candidate_template_nos_29,mapping_categorical_onehot
mapping_cat_mapping_candidate_template_nos_29;31,mapping_categorical_onehot
mapping_cat_mapping_candidate_template_nos_2;4,mapping_categorical_onehot
mapping_cat_mapping_candidate_template_nos_2;9,mapping_categorical_onehot
mapping_cat_mapping_candidate_template_nos_3,mapping_categorical_onehot
mapping_cat_mapping_candidate_template_nos_30,mapping_categorical_onehot
mapping_cat_mapping_candidate_template_nos_30;34,mapping_categorical_onehot
mapping_cat_mapping_candidate_template_nos_31,mapping_categorical_onehot
mapping_cat_mapping_candidate_template_nos_32,mapping_categorical_onehot
mapping_cat_mapping_candidate_template_nos_33,mapping_categorical_onehot
mapping_cat_mapping_candidate_template_nos_34,mapping_categorical_onehot
mapping_cat_mapping_candidate_template_nos_37;136,mapping_categorical_onehot
mapping_cat_mapping_candidate_template_nos_37;136;139;141;142;143;144,mapping_categorical_onehot
mapping_cat_mapping_candidate_template_nos_37;136;143;144,mapping_categorical_onehot
mapping_cat_mapping_candidate_template_nos_37;38;39;40;41;42;43;44;45;136;141;142;143;144,mapping_categorical_onehot
mapping_cat_mapping_candidate_template_nos_37;40;136;143;144,mapping_categorical_onehot
mapping_cat_mapping_candidate_template_nos_37;40;44;45;136;142;143,mapping_categorical_onehot
mapping_cat_mapping_candidate_template_nos_37;41;136;142;143;144,mapping_categorical_onehot
mapping_cat_mapping_candidate_template_nos_37;42;136,mapping_categorical_onehot
mapping_cat_mapping_candidate_template_nos_37;42;43;136;143,mapping_categorical_onehot
mapping_cat_mapping_candidate_template_nos_37;42;43;136;143;144,mapping_categorical_onehot
mapping_cat_mapping_candidate_template_nos_37;42;43;44;136,mapping_categorical_onehot
mapping_cat_mapping_candidate_template_nos_37;44;136;141;142,mapping_categorical_onehot
mapping_cat_mapping_candidate_template_nos_3;5,mapping_categorical_onehot
mapping_cat_mapping_candidate_template_nos_3;7,mapping_categorical_onehot
mapping_cat_mapping_candidate_template_nos_3;9,mapping_categorical_onehot
mapping_cat_mapping_candidate_template_nos_4,mapping_categorical_onehot
mapping_cat_mapping_candidate_template_nos_42;138,mapping_categorical_onehot
mapping_cat_mapping_candidate_template_nos_46,mapping_categorical_onehot
mapping_cat_mapping_candidate_template_nos_46;47,mapping_categorical_onehot
mapping_cat_mapping_candidate_template_nos_46;47;48;49;50;51;52;53;54,mapping_categorical_onehot
mapping_cat_mapping_candidate_template_nos_46;49,mapping_categorical_onehot
mapping_cat_mapping_candidate_template_nos_46;50,mapping_categorical_onehot
mapping_cat_mapping_candidate_template_nos_46;50;51;52;53;54,mapping_categorical_onehot
mapping_cat_mapping_candidate_template_nos_46;50;53;54,mapping_categorical_onehot
mapping_cat_mapping_candidate_template_nos_46;51,mapping_categorical_onehot
mapping_cat_mapping_candidate_template_nos_46;51;52,mapping_categorical_onehot
mapping_cat_mapping_candidate_template_nos_46;51;52;53;54,mapping_categorical_onehot
mapping_cat_mapping_candidate_template_nos_46;51;53;54,mapping_categorical_onehot
mapping_cat_mapping_candidate_template_nos_46;53;54,mapping_categorical_onehot
mapping_cat_mapping_candidate_template_nos_47,mapping_categorical_onehot
mapping_cat_mapping_candidate_template_nos_47;49,mapping_categorical_onehot
mapping_cat_mapping_candidate_template_nos_47;51,mapping_categorical_onehot
mapping_cat_mapping_candidate_template_nos_47;54,mapping_categorical_onehot
mapping_cat_mapping_candidate_template_nos_48,mapping_categorical_onehot
mapping_cat_mapping_candidate_template_nos_48;50,mapping_categorical_onehot
mapping_cat_mapping_candidate_template_nos_49,mapping_categorical_onehot
mapping_cat_mapping_candidate_template_nos_49;51,mapping_categorical_onehot
mapping_cat_mapping_candidate_template_nos_4;6,mapping_categorical_onehot
mapping_cat_mapping_candidate_template_nos_5,mapping_categorical_onehot
mapping_cat_mapping_candidate_template_nos_50,mapping_categorical_onehot
mapping_cat_mapping_candidate_template_nos_50;52,mapping_categorical_onehot
mapping_cat_mapping_candidate_template_nos_51,mapping_categorical_onehot
mapping_cat_mapping_candidate_template_nos_52,mapping_categorical_onehot
mapping_cat_mapping_candidate_template_nos_54,mapping_categorical_onehot
mapping_cat_mapping_candidate_template_nos_55,mapping_categorical_onehot
mapping_cat_mapping_candidate_template_nos_55;56;57;58;59;60;61;62;63,mapping_categorical_onehot
mapping_cat_mapping_candidate_template_nos_55;57;58;59;60;61;62;63,mapping_categorical_onehot
mapping_cat_mapping_candidate_template_nos_55;58,mapping_categorical_onehot
mapping_cat_mapping_candidate_template_nos_55;58;60,mapping_categorical_onehot
mapping_cat_mapping_candidate_template_nos_55;58;60;61;62;63,mapping_categorical_onehot
mapping_cat_mapping_candidate_template_nos_55;58;60;63,mapping_categorical_onehot
mapping_cat_mapping_candidate_template_nos_55;58;62;63,mapping_categorical_onehot
mapping_cat_mapping_candidate_template_nos_55;59,mapping_categorical_onehot
mapping_cat_mapping_candidate_template_nos_55;60,mapping_categorical_onehot
mapping_cat_mapping_candidate_template_nos_55;60;61,mapping_categorical_onehot
mapping_cat_mapping_candidate_template_nos_55;60;61;62;63,mapping_categorical_onehot
mapping_cat_mapping_candidate_template_nos_55;60;62,mapping_categorical_onehot
mapping_cat_mapping_candidate_template_nos_55;60;62;63,mapping_categorical_onehot
mapping_cat_mapping_candidate_template_nos_55;61,mapping_categorical_onehot
mapping_cat_mapping_candidate_template_nos_55;62,mapping_categorical_onehot
mapping_cat_mapping_candidate_template_nos_55;62;63,mapping_categorical_onehot
mapping_cat_mapping_candidate_template_nos_56,mapping_categorical_onehot
mapping_cat_mapping_candidate_template_nos_56;58,mapping_categorical_onehot
mapping_cat_mapping_candidate_template_nos_56;60,mapping_categorical_onehot
mapping_cat_mapping_candidate_template_nos_57,mapping_categorical_onehot
mapping_cat_mapping_candidate_template_nos_57;59,mapping_categorical_onehot
mapping_cat_mapping_candidate_template_nos_57;61,mapping_categorical_onehot
mapping_cat_mapping_candidate_template_nos_58,mapping_categorical_onehot
mapping_cat_mapping_candidate_template_nos_58;60,mapping_categorical_onehot
mapping_cat_mapping_candidate_template_nos_59,mapping_categorical_onehot
mapping_cat_mapping_candidate_template_nos_59;62,mapping_categorical_onehot
mapping_cat_mapping_candidate_template_nos_5;7,mapping_categorical_onehot
mapping_cat_mapping_candidate_template_nos_5;9,mapping_categorical_onehot
mapping_cat_mapping_candidate_template_nos_6,mapping_categorical_onehot
mapping_cat_mapping_candidate_template_nos_60,mapping_categorical_onehot
mapping_cat_mapping_candidate_template_nos_61,mapping_categorical_onehot
mapping_cat_mapping_candidate_template_nos_62;63,mapping_categorical_onehot
mapping_cat_mapping_candidate_template_nos_63,mapping_categorical_onehot
mapping_cat_mapping_candidate_template_nos_64,mapping_categorical_onehot
mapping_cat_mapping_candidate_template_nos_64;65;66;67;68;69;70;71;72,mapping_categorical_onehot
mapping_cat_mapping_candidate_template_nos_64;67,mapping_categorical_onehot
mapping_cat_mapping_candidate_template_nos_64;67;71;72,mapping_categorical_onehot
mapping_cat_mapping_candidate_template_nos_64;68,mapping_categorical_onehot
mapping_cat_mapping_candidate_template_nos_64;68;69;70;71;72,mapping_categorical_onehot
mapping_cat_mapping_candidate_template_nos_64;68;71;72,mapping_categorical_onehot
mapping_cat_mapping_candidate_template_nos_64;69,mapping_categorical_onehot
mapping_cat_mapping_candidate_template_nos_64;69;70,mapping_categorical_onehot
mapping_cat_mapping_candidate_template_nos_64;69;70;71;72,mapping_categorical_onehot
mapping_cat_mapping_candidate_template_nos_64;69;71;72,mapping_categorical_onehot
mapping_cat_mapping_candidate_template_nos_64;70,mapping_categorical_onehot
mapping_cat_mapping_candidate_template_nos_64;71;72,mapping_categorical_onehot
mapping_cat_mapping_candidate_template_nos_64;72,mapping_categorical_onehot
mapping_cat_mapping_candidate_template_nos_65,mapping_categorical_onehot
mapping_cat_mapping_candidate_template_nos_65;67,mapping_categorical_onehot
mapping_cat_mapping_candidate_template_nos_65;69,mapping_categorical_onehot
mapping_cat_mapping_candidate_template_nos_66,mapping_categorical_onehot
mapping_cat_mapping_candidate_template_nos_66;68,mapping_categorical_onehot
mapping_cat_mapping_candidate_template_nos_66;70,mapping_categorical_onehot
mapping_cat_mapping_candidate_template_nos_67,mapping_categorical_onehot
mapping_cat_mapping_candidate_template_nos_67;69,mapping_categorical_onehot
mapping_cat_mapping_candidate_template_nos_68,mapping_categorical_onehot
mapping_cat_mapping_candidate_template_nos_68;70,mapping_categorical_onehot
mapping_cat_mapping_candidate_template_nos_69,mapping_categorical_onehot
mapping_cat_mapping_candidate_template_nos_6;8,mapping_categorical_onehot
mapping_cat_mapping_candidate_template_nos_6;9,mapping_categorical_onehot
mapping_cat_mapping_candidate_template_nos_7,mapping_categorical_onehot
mapping_cat_mapping_candidate_template_nos_70,mapping_categorical_onehot
mapping_cat_mapping_candidate_template_nos_72,mapping_categorical_onehot
mapping_cat_mapping_candidate_template_nos_73,mapping_categorical_onehot
mapping_cat_mapping_candidate_template_nos_73;78;79;80,mapping_categorical_onehot
mapping_cat_mapping_candidate_template_nos_73;78;79;81,mapping_categorical_onehot
mapping_cat_mapping_candidate_template_nos_73;80,mapping_categorical_onehot
mapping_cat_mapping_candidate_template_nos_73;80;81,mapping_categorical_onehot
mapping_cat_mapping_candidate_template_nos_73;81,mapping_categorical_onehot
mapping_cat_mapping_candidate_template_nos_74,mapping_categorical_onehot
mapping_cat_mapping_candidate_template_nos_74;75,mapping_categorical_onehot
mapping_cat_mapping_candidate_template_nos_74;79,mapping_categorical_onehot
mapping_cat_mapping_candidate_template_nos_75,mapping_categorical_onehot
mapping_cat_mapping_candidate_template_nos_75;78,mapping_categorical_onehot
mapping_cat_mapping_candidate_template_nos_76,mapping_categorical_onehot
mapping_cat_mapping_candidate_template_nos_76;77,mapping_categorical_onehot
mapping_cat_mapping_candidate_template_nos_77,mapping_categorical_onehot
mapping_cat_mapping_candidate_template_nos_78,mapping_categorical_onehot
mapping_cat_mapping_candidate_template_nos_78;79,mapping_categorical_onehot
mapping_cat_mapping_candidate_template_nos_79,mapping_categorical_onehot
mapping_cat_mapping_candidate_template_nos_81,mapping_categorical_onehot
mapping_cat_mapping_candidate_template_nos_9,mapping_categorical_onehot
mapping_cat_mapping_candidate_template_nos_91,mapping_categorical_onehot
mapping_cat_mapping_candidate_template_nos_91;92;93;94;95;96;97;98;99,mapping_categorical_onehot
mapping_cat_mapping_candidate_template_nos_91;92;93;94;95;97;98;99,mapping_categorical_onehot
mapping_cat_mapping_candidate_template_nos_91;92;97,mapping_categorical_onehot
mapping_cat_mapping_candidate_template_nos_91;94,mapping_categorical_onehot
mapping_cat_mapping_candidate_template_nos_91;94;95;96;97;98;99,mapping_categorical_onehot
mapping_cat_mapping_candidate_template_nos_91;94;96,mapping_categorical_onehot
mapping_cat_mapping_candidate_template_nos_91;94;98,mapping_categorical_onehot
mapping_cat_mapping_candidate_template_nos_91;94;98;99,mapping_categorical_onehot
mapping_cat_mapping_candidate_template_nos_91;94;99,mapping_categorical_onehot
mapping_cat_mapping_candidate_template_nos_91;95,mapping_categorical_onehot
mapping_cat_mapping_candidate_template_nos_91;95;97,mapping_categorical_onehot
mapping_cat_mapping_candidate_template_nos_91;95;97;99,mapping_categorical_onehot
mapping_cat_mapping_candidate_template_nos_91;96,mapping_categorical_onehot
mapping_cat_mapping_candidate_template_nos_91;96;97;98;99,mapping_categorical_onehot
mapping_cat_mapping_candidate_template_nos_91;96;98;99,mapping_categorical_onehot
mapping_cat_mapping_candidate_template_nos_91;97,mapping_categorical_onehot
mapping_cat_mapping_candidate_template_nos_91;97;98;99,mapping_categorical_onehot
mapping_cat_mapping_candidate_template_nos_91;98,mapping_categorical_onehot
mapping_cat_mapping_candidate_template_nos_91;98;99,mapping_categorical_onehot
mapping_cat_mapping_candidate_template_nos_91;99,mapping_categorical_onehot
mapping_cat_mapping_candidate_template_nos_92,mapping_categorical_onehot
mapping_cat_mapping_candidate_template_nos_92;94,mapping_categorical_onehot
mapping_cat_mapping_candidate_template_nos_93,mapping_categorical_onehot
mapping_cat_mapping_candidate_template_nos_93;95,mapping_categorical_onehot
mapping_cat_mapping_candidate_template_nos_94,mapping_categorical_onehot
mapping_cat_mapping_candidate_template_nos_95,mapping_categorical_onehot
mapping_cat_mapping_candidate_template_nos_95;98;99,mapping_categorical_onehot
mapping_cat_mapping_candidate_template_nos_96,mapping_categorical_onehot
mapping_cat_mapping_candidate_template_nos_96;98,mapping_categorical_onehot
mapping_cat_mapping_candidate_template_nos_97,mapping_categorical_onehot
mapping_cat_mapping_candidate_template_nos_99,mapping_categorical_onehot
mapping_cat_mapping_candidate_template_nos_missing,mapping_categorical_onehot
mapping_cat_mapping_match_modes_exact_acgt,mapping_categorical_onehot
mapping_cat_mapping_match_modes_iupac_compatible,mapping_categorical_onehot
mapping_cat_mapping_match_modes_missing,mapping_categorical_onehot
mapping_cat_mapping_candidate_orientations_forward,mapping_categorical_onehot
mapping_cat_mapping_candidate_orientations_missing,mapping_categorical_onehot
mapping_cat_mapping_candidate_orientations_reverse_complement,mapping_categorical_onehot
