field,key,sum,count
mapping_candidate_group_ids,EasyDesign_2024_template_group_01,-1074.28505,413
mapping_candidate_group_ids,EasyDesign_2024_template_group_03,-576.763441,246
mapping_candidate_group_ids,EasyDesign_2024_template_group_04,-1044.81039,386
mapping_candidate_group_ids,EasyDesign_2024_template_group_05;EasyDesign_2024_template_group_16,-82.678584,44
mapping_candidate_group_ids,EasyDesign_2024_template_group_06,-1295.43993,448
mapping_candidate_group_ids,EasyDesign_2024_template_group_07,-1318.747068,487
mapping_candidate_group_ids,EasyDesign_2024_template_group_08,-1578.60282,577
mapping_candidate_group_ids,EasyDesign_2024_template_group_09,-1258.381948,508
mapping_candidate_group_ids,EasyDesign_2024_template_group_11,-1650.49871,565
mapping_candidate_group_ids,EasyDesign_2024_template_group_12,-1779.13125,591
mapping_candidate_group_ids,EasyDesign_2024_template_group_13,-1603.48569,565
mapping_candidate_group_ids,EasyDesign_2024_template_group_14,-1601.56815,556
mapping_candidate_group_ids,EasyDesign_2024_template_group_15,-689.40498,256
mapping_candidate_group_ids,EasyDesign_2024_template_group_16,-335.449265,139
mapping_candidate_group_ids,EasyDesign_2024_template_group_17,-419.620083,193
mapping_candidate_group_ids,EasyDesign_2024_template_group_18,-1613.20824,590
mapping_candidate_group_ids,EasyDesign_2024_template_group_19,-373.51186,125
mapping_candidate_group_ids,EasyDesign_2024_template_group_20,-1418.92917,523
mapping_candidate_group_ids,EasyDesign_2024_template_group_21,-1463.06282,583
mapping_candidate_group_ids,EasyDesign_2024_template_group_22,-1601.735826,621
mapping_candidate_group_ids,missing,-1.29739,1
mapping_status,ambiguous_multiple_groups,-82.678584,44
mapping_status,ambiguous_template_single_group,-6038.407058,2495
mapping_status,iupac_compatible_single_group,-40.04862,12
mapping_status,unique_exact_window,-16618.181013,5865
mapping_status,unmapped_exact_or_iupac,-1.29739,1
mapping_confidence,high,-16618.181013,5865
mapping_confidence,medium,-6038.407058,2495
mapping_confidence,review,-124.02459400000001,57
mapping_candidate_template_nos,1,-57.74274,25
mapping_candidate_template_nos,100,-56.85946,18
mapping_candidate_template_nos,100;101;102;103;104;105;106;107;108,-78.26417000000001,27
mapping_candidate_template_nos,100;103,-21.82912,8
mapping_candidate_template_nos,100;103;105;106;107;108,-25.39323,12
mapping_candidate_template_nos,100;103;106,-5.13657,3
mapping_candidate_template_nos,100;103;107,-6.21179,3
mapping_candidate_template_nos,100;103;107;108,-2.36074,1
mapping_candidate_template_nos,100;104,-25.62892,8
mapping_candidate_template_nos,100;104;105;106;107;108,-20.34137,6
mapping_candidate_template_nos,100;104;106;107;108,-26.14783,10
mapping_candidate_template_nos,100;104;107,-7.369479999999999,3
mapping_candidate_template_nos,100;104;107;108,-3.3223,1
mapping_candidate_template_nos,100;105,-4.8943,2
mapping_candidate_template_nos,100;105;106,-39.92577,15
mapping_candidate_template_nos,100;105;106;107,-12.42561,4
mapping_candidate_template_nos,100;105;106;107;108,-46.31128,16
mapping_candidate_template_nos,100;105;106;108,-3.43151,1
mapping_candidate_template_nos,100;105;107;108,-22.27926,8
mapping_candidate_template_nos,100;106,-5.10106,2
mapping_candidate_template_nos,100;106;107;108,-13.52828,4
mapping_candidate_template_nos,100;107,-23.27346,8
mapping_candidate_template_nos,100;107;108,-106.52192,39
mapping_candidate_template_nos,101,-193.45095,62
mapping_candidate_template_nos,101;103,-13.34407,4
mapping_candidate_template_nos,101;105,-6.10827,2
mapping_candidate_template_nos,102,-158.88834,55
mapping_candidate_template_nos,102;104,-20.13381,8
mapping_candidate_template_nos,102;106,-42.99261,14
mapping_candidate_template_nos,103,-156.62462,53
mapping_candidate_template_nos,103;105,-6.9399999999999995,2
mapping_candidate_template_nos,104,-161.51082,50
mapping_candidate_template_nos,104;106,-7.05738,2
mapping_candidate_template_nos,105,-167.16737,53
mapping_candidate_template_nos,106,-152.44594,47
mapping_candidate_template_nos,108,-135.90964,40
mapping_candidate_template_nos,109,-74.9138,30
mapping_candidate_template_nos,109;111;112;113;114;115;116;117,-58.57597,24
mapping_candidate_template_nos,109;112,-9.35011,4
mapping_candidate_template_nos,109;112;115,-14.79976,6
mapping_candidate_template_nos,109;112;116;117,-13.98659,5
mapping_candidate_template_nos,109;113,-10.89179,4
mapping_candidate_template_nos,109;113;114;115;116;117,-16.12456,6
mapping_candidate_template_nos,109;113;116;117,-10.2995,4
mapping_candidate_template_nos,109;114,-6.45082,2
mapping_candidate_template_nos,109;114;115,-7.996079999999999,3
mapping_candidate_template_nos,109;114;115;116;117,-12.294,5
mapping_candidate_template_nos,109;114;115;117,-3.39107,1
mapping_candidate_template_nos,109;114;116;117,-3.38387,1
mapping_candidate_template_nos,109;115,-17.03188,6
mapping_candidate_template_nos,109;115;116;117,-8.97146,4
mapping_candidate_template_nos,109;116,-9.93116,4
mapping_candidate_template_nos,109;116;117,-171.79481,67
mapping_candidate_template_nos,109;117,-17.77864,6
mapping_candidate_template_nos,110,-173.76494,62
mapping_candidate_template_nos,110;112,-5.919180000000001,2
mapping_candidate_template_nos,110;114,-25.24549,8
mapping_candidate_template_nos,111,-144.42127,50
mapping_candidate_template_nos,111;113,-6.47002,2
mapping_candidate_template_nos,111;115,-24.17533,8
mapping_candidate_template_nos,111;116,-3.32404,1
mapping_candidate_template_nos,112,-143.81488,51
mapping_candidate_template_nos,112;114,-22.61531,8
mapping_candidate_template_nos,113,-166.10407,55
mapping_candidate_template_nos,113;115,-21.8278,8
mapping_candidate_template_nos,114,-148.59746,51
mapping_candidate_template_nos,115,-141.96636,45
mapping_candidate_template_nos,115;117,-3.41261,1
mapping_candidate_template_nos,117,-103.86106,31
mapping_candidate_template_nos,118,-50.34186,18
mapping_candidate_template_nos,118;119;120;121;122;123;124;125;126,-19.15878,9
mapping_candidate_template_nos,118;119;123;124;125;126,-13.60931,6
mapping_candidate_template_nos,118;121,-12.15151,4
mapping_candidate_template_nos,118;121;123,-7.93142,3
mapping_candidate_template_nos,118;121;125;126,-22.654420000000002,9
mapping_candidate_template_nos,118;122;123;124;125;126,-12.03632,6
mapping_candidate_template_nos,118;122;124;125;126,-12.83849,5
mapping_candidate_template_nos,118;122;125;126,-9.309429999999999,4
mapping_candidate_template_nos,118;123,-21.331879999999998,8
mapping_candidate_template_nos,118;123;124,-29.33083,12
mapping_candidate_template_nos,118;123;124;125;126,-24.97146,10
mapping_candidate_template_nos,118;123;124;126,-18.46444,7
mapping_candidate_template_nos,118;123;125;126,-8.45656,4
mapping_candidate_template_nos,118;124,-11.61257,4
mapping_candidate_template_nos,118;125,-18.96857,8
mapping_candidate_template_nos,118;125;126,-132.05844,55
mapping_candidate_template_nos,119,-195.06956,64
mapping_candidate_template_nos,119;123,-49.81248,16
mapping_candidate_template_nos,120,-200.27766,65
mapping_candidate_template_nos,120;124,-6.520910000000001,2
mapping_candidate_template_nos,121,-181.49782,56
mapping_candidate_template_nos,122,-177.58741,60
mapping_candidate_template_nos,123,-134.86172,46
mapping_candidate_template_nos,124,-135.52985,45
mapping_candidate_template_nos,124;126,-5.0708400000000005,2
mapping_candidate_template_nos,125;126,-2.60351,1
mapping_candidate_template_nos,126,-87.5101,27
mapping_candidate_template_nos,127,-34.08517,16
mapping_candidate_template_nos,127;128;129;130;131;132;133;134;135,-16.38848,9
mapping_candidate_template_nos,127;130;131;133;134;135,-11.60845,6
mapping_candidate_template_nos,127;130;135,-6.562139999999999,3
mapping_candidate_template_nos,127;131,-4.34587,2
mapping_candidate_template_nos,127;131;135,-10.61499,4
mapping_candidate_template_nos,127;132,-11.677579999999999,4
mapping_candidate_template_nos,127;132;133,-5.39617,3
mapping_candidate_template_nos,127;132;134;135,-11.85039,4
mapping_candidate_template_nos,127;133,-3.46845,2
mapping_candidate_template_nos,127;133;134;135,-7.08225,4
mapping_candidate_template_nos,127;134,-4.87626,2
mapping_candidate_template_nos,127;134;135,-40.8486,18
mapping_candidate_template_nos,128,-60.6114,21
mapping_candidate_template_nos,128;130,-27.43416,8
mapping_candidate_template_nos,128;132,-13.37069,4
mapping_candidate_template_nos,129,-65.52037,24
mapping_candidate_template_nos,129;131,-13.61959,4
mapping_candidate_template_nos,129;133,-18.39274,6
mapping_candidate_template_nos,130,-73.3259,24
mapping_candidate_template_nos,131,-71.99616,26
mapping_candidate_template_nos,132,-57.09082,23
mapping_candidate_template_nos,133,-61.83441,22
mapping_candidate_template_nos,134;135,-2.14357,1
mapping_candidate_template_nos,135,-55.26037,16
mapping_candidate_template_nos,136,-1.46295,1
mapping_candidate_template_nos,136;137;138;139;140;141;142;143;144,-41.282389,18
mapping_candidate_template_nos,136;139,-2.025494,2
mapping_candidate_template_nos,136;141,-2.99366,2
mapping_candidate_template_nos,136;141;142;144,-2.18125,1
mapping_candidate_template_nos,136;143;144,-4.67648,3
mapping_candidate_template_nos,137,-47.14098,17
mapping_candidate_template_nos,137;139,-10.49926,4
mapping_candidate_template_nos,137;141,-7.87083,4
mapping_candidate_template_nos,138,-40.766687,16
mapping_candidate_template_nos,138;140,-11.99844,4
mapping_candidate_template_nos,138;142,-15.856190999999999,6
mapping_candidate_template_nos,139,-26.429155,13
mapping_candidate_template_nos,139;141,-2.048859,2
mapping_candidate_template_nos,140,-38.46167,15
mapping_candidate_template_nos,141,-31.8409,14
mapping_candidate_template_nos,142,-22.65882,8
mapping_candidate_template_nos,144,-25.25525,9
mapping_candidate_template_nos,145,-10.233419999999999,6
mapping_candidate_template_nos,145;146;147;148;149;150;151;152;153,-27.354911,18
mapping_candidate_template_nos,145;148,-9.58135,6
mapping_candidate_template_nos,145;148;151,-7.0938300000000005,3
mapping_candidate_template_nos,145;149;150;151,-5.85607,4
mapping_candidate_template_nos,145;149;150;151;153,-2.19816,1
mapping_candidate_template_nos,145;149;152;153,-8.34217,4
mapping_candidate_template_nos,145;150,-5.022207,4
mapping_candidate_template_nos,145;150;151,-20.917533,12
mapping_candidate_template_nos,145;151;152;153,-6.10108,4
mapping_candidate_template_nos,145;152;153,-11.62586,6
mapping_candidate_template_nos,146,-57.35793,19
mapping_candidate_template_nos,147,-36.996508,20
mapping_candidate_template_nos,147;149,-4.381399999999999,2
mapping_candidate_template_nos,147;151,-8.263952,4
mapping_candidate_template_nos,148,-35.027276,19
mapping_candidate_template_nos,149,-42.99073,18
mapping_candidate_template_nos,150,-40.2963,14
mapping_candidate_template_nos,151,-38.423616,16
mapping_candidate_template_nos,153,-41.55578,13
mapping_candidate_template_nos,154,-76.01538,27
mapping_candidate_template_nos,154;155;156;157;158;159;160;161;162,-40.93515,18
mapping_candidate_template_nos,154;155;156;157;159;160,-10.32434,6
mapping_candidate_template_nos,154;157,-10.30494,4
mapping_candidate_template_nos,154;157;161;162,-27.545939999999998,13
mapping_candidate_template_nos,154;158,-22.81693,10
mapping_candidate_template_nos,154;158;160;161;162,-21.92734,10
mapping_candidate_template_nos,154;158;161;162,-13.32009,4
mapping_candidate_template_nos,154;159;160,-28.78866,12
mapping_candidate_template_nos,154;159;160;161;162,-22.101010000000002,10
mapping_candidate_template_nos,154;159;161;162,-17.68572,8
mapping_candidate_template_nos,154;160,-6.84502,2
mapping_candidate_template_nos,154;160;161;162,-17.17511,8
mapping_candidate_template_nos,154;161,-6.04075,2
mapping_candidate_template_nos,154;161;162,-122.92352,51
mapping_candidate_template_nos,154;162,-3.48119,1
mapping_candidate_template_nos,155,-208.05759,67
mapping_candidate_template_nos,155;159,-17.62486,6
mapping_candidate_template_nos,156,-166.72375,61
mapping_candidate_template_nos,156;158,-6.8898,2
mapping_candidate_template_nos,156;160,-13.31789,4
mapping_candidate_template_nos,157,-166.60708,54
mapping_candidate_template_nos,157;159,-13.591990000000001,6
mapping_candidate_template_nos,158,-143.88589,54
mapping_candidate_template_nos,158;160,-21.48583,10
mapping_candidate_template_nos,159,-152.87342,52
mapping_candidate_template_nos,160,-139.78154,51
mapping_candidate_template_nos,161;162,-2.96507,1
mapping_candidate_template_nos,162,-111.17244,36
mapping_candidate_template_nos,164,-190.76896,61
mapping_candidate_template_nos,164;169,-9.52013,3
mapping_candidate_template_nos,165;168,-2.40824,1
mapping_candidate_template_nos,168,-164.37187,58
mapping_candidate_template_nos,168;169,-6.44266,2
mapping_candidate_template_nos,172,-43.44945,20
mapping_candidate_template_nos,172;173;174;175;176;177;178;179;180,-16.54989,9
mapping_candidate_template_nos,172;173;174;175;176;177;178;180,-2.21384,1
mapping_candidate_template_nos,172;173;174;175;177;178,-11.24259,6
mapping_candidate_template_nos,172;175,-8.09359,4
mapping_candidate_template_nos,172;175;176;177;178;179;180,-2.68114,1
mapping_candidate_template_nos,172;175;176;179;180,-3.34591,1
mapping_candidate_template_nos,172;175;177;178;179;180,-11.707550000000001,6
mapping_candidate_template_nos,172;175;177;179,-9.56139,4
mapping_candidate_template_nos,172;175;179;180,-16.84216,8
mapping_candidate_template_nos,172;176,-4.84732,2
mapping_candidate_template_nos,172;176;179;180,-13.52586,4
mapping_candidate_template_nos,172;177,-3.80986,2
mapping_candidate_template_nos,172;177;178,-28.11232,12
mapping_candidate_template_nos,172;177;178;179;180,-18.09544,10
mapping_candidate_template_nos,172;177;179;180,-13.4589,4
mapping_candidate_template_nos,172;178,-3.33379,2
mapping_candidate_template_nos,172;178;179;180,-28.90985,12
mapping_candidate_template_nos,172;179,-8.92034,4
mapping_candidate_template_nos,172;179;180,-124.47498,54
mapping_candidate_template_nos,173,-153.07787,51
mapping_candidate_template_nos,173;175,-10.00533,4
mapping_candidate_template_nos,173;177,-16.35911,6
mapping_candidate_template_nos,174,-153.68571,56
mapping_candidate_template_nos,174;176,-5.24895,2
mapping_candidate_template_nos,174;178,-30.16086,10
mapping_candidate_template_nos,175,-164.69809,55
mapping_candidate_template_nos,176,-152.46827,50
mapping_candidate_template_nos,176;178,-29.61693,10
mapping_candidate_template_nos,176;180,-3.31209,1
mapping_candidate_template_nos,177,-124.6781,45
mapping_candidate_template_nos,178,-103.1255,36
mapping_candidate_template_nos,180,-99.31619,31
mapping_candidate_template_nos,181,-41.10988,23
mapping_candidate_template_nos,181;182;183;184;185;186;187;188;189,-62.1961,36
mapping_candidate_template_nos,181;182;183;184;185;186;188;189,-22.77871,8
mapping_candidate_template_nos,181;184,-3.55008,2
mapping_candidate_template_nos,181;184;188;189,-25.42676,13
mapping_candidate_template_nos,181;185,-3.7518599999999998,2
mapping_candidate_template_nos,181;185;188;189,-6.7204,4
mapping_candidate_template_nos,181;185;189,-9.46026,4
mapping_candidate_template_nos,181;186,-7.263260000000001,4
mapping_candidate_template_nos,181;186;187,-33.32626,18
mapping_candidate_template_nos,181;186;187;188;189,-12.78971,6
mapping_candidate_template_nos,181;186;188;189,-10.35258,5
mapping_candidate_template_nos,181;187,-3.54807,2
mapping_candidate_template_nos,181;187;188;189,-9.17242,5
mapping_candidate_template_nos,181;188,-3.73819,2
mapping_candidate_template_nos,181;188;189,-131.63009,66
mapping_candidate_template_nos,181;189,-3.5554500000000004,2
mapping_candidate_template_nos,182,-170.49437,66
mapping_candidate_template_nos,183,-160.43735,57
mapping_candidate_template_nos,183;187,-44.146570000000004,18
mapping_candidate_template_nos,184,-163.70833,60
mapping_candidate_template_nos,184;186,-15.31669,6
mapping_candidate_template_nos,184;188,-3.47277,1
mapping_candidate_template_nos,185,-183.67355,61
mapping_candidate_template_nos,186,-135.50948,46
mapping_candidate_template_nos,187,-115.24191,42
mapping_candidate_template_nos,189,-80.69172,24
mapping_candidate_template_nos,19,-11.068493,11
mapping_candidate_template_nos,190,-88.46775,38
mapping_candidate_template_nos,190;191;192;193;194;195;196,-31.817520000000002,14
mapping_candidate_template_nos,190;197,-97.66636,43
mapping_candidate_template_nos,190;197;198,-11.27668,5
mapping_candidate_template_nos,190;198,-56.1096,27
mapping_candidate_template_nos,191,-179.12076,75
mapping_candidate_template_nos,191;196,-11.86166,4
mapping_candidate_template_nos,192,-164.313456,73
mapping_candidate_template_nos,192;195,-13.1253,6
mapping_candidate_template_nos,193,-198.37837,71
mapping_candidate_template_nos,194,-179.11207,66
mapping_candidate_template_nos,195,-189.74317,68
mapping_candidate_template_nos,195;196,-17.95816,6
mapping_candidate_template_nos,196,-186.06986,65
mapping_candidate_template_nos,198,-176.71511,60
mapping_candidate_template_nos,19;20;21;22;23;24;25;26;27,-13.16194,8
mapping_candidate_template_nos,19;20;21;24;25,-6.66778,4
mapping_candidate_template_nos,19;23,-2.640676,2
mapping_candidate_template_nos,19;23;24;25,-5.264469999999999,3
mapping_candidate_template_nos,19;23;24;25;26;27,-9.8186,5
mapping_candidate_template_nos,19;24,-3.5660499999999997,2
mapping_candidate_template_nos,19;24;25,-2.8800499999999998,2
mapping_candidate_template_nos,19;24;25;26,-4.74125,3
mapping_candidate_template_nos,19;24;25;26;27,-2.09599,1
mapping_candidate_template_nos,19;25,-3.997583,4
mapping_candidate_template_nos,19;26;27,-56.336499,30
mapping_candidate_template_nos,19;27,-4.32812,2
mapping_candidate_template_nos,1;4,-4.87204,2
mapping_candidate_template_nos,1;4;9,-3.11291,1
mapping_candidate_template_nos,1;5,-4.25567,2
mapping_candidate_template_nos,1;5;6;7;8;9,-15.47973,6
mapping_candidate_template_nos,1;5;8;9,-23.06845,8
mapping_candidate_template_nos,1;6,-8.01013,4
mapping_candidate_template_nos,1;6;7,-26.03862,12
mapping_candidate_template_nos,1;6;7;8;9,-13.56872,7
mapping_candidate_template_nos,1;6;7;9,-3.00877,1
mapping_candidate_template_nos,1;6;8;9,-8.79392,4
mapping_candidate_template_nos,1;7,-3.96869,2
mapping_candidate_template_nos,1;7;8,-7.05009,3
mapping_candidate_template_nos,1;8;9,-122.98687,59
mapping_candidate_template_nos,1;9,-12.73026,6
mapping_candidate_template_nos,20,-79.87036,31
mapping_candidate_template_nos,20;22,-6.72464,2
mapping_candidate_template_nos,21,-81.93741,29
mapping_candidate_template_nos,21;25,-7.30338,3
mapping_candidate_template_nos,22,-86.48597,29
mapping_candidate_template_nos,23,-72.79637,29
mapping_candidate_template_nos,24,-66.06427,26
mapping_candidate_template_nos,27,-49.01354,20
mapping_candidate_template_nos,28,-40.78401,17
mapping_candidate_template_nos,28;29;30;31;32;33;34;35;36,-12.09469,7
mapping_candidate_template_nos,28;29;30;33;34;35;36,-10.31191,5
mapping_candidate_template_nos,28;31,-7.8799600000000005,4
mapping_candidate_template_nos,28;31;36,-5.49455,2
mapping_candidate_template_nos,28;32,-22.84644,12
mapping_candidate_template_nos,28;32;33;34;35;36,-8.970659999999999,4
mapping_candidate_template_nos,28;32;34,-6.2333799999999995,3
mapping_candidate_template_nos,28;32;35,-3.8790500000000003,2
mapping_candidate_template_nos,28;32;35;36,-4.1371199999999995,2
mapping_candidate_template_nos,28;33;34,-21.88186,9
mapping_candidate_template_nos,28;33;34;35;36,-6.308280000000001,3
mapping_candidate_template_nos,28;33;35;36,-4.38607,2
mapping_candidate_template_nos,28;34,-10.380469999999999,4
mapping_candidate_template_nos,28;34;35;36,-3.96632,2
mapping_candidate_template_nos,28;35,-2.1413,1
mapping_candidate_template_nos,28;35;36,-27.32486,11
mapping_candidate_template_nos,28;36,-4.41179,2
mapping_candidate_template_nos,29,-134.08199,42
mapping_candidate_template_nos,29;31,-44.13234,14
mapping_candidate_template_nos,2;4,-5.34067,2
mapping_candidate_template_nos,2;9,-1.63354,1
mapping_candidate_template_nos,3,-126.14795,47
mapping_candidate_template_nos,30,-135.17056,47
mapping_candidate_template_nos,30;34,-37.09288,12
mapping_candidate_template_nos,31,-135.58132,47
mapping_candidate_template_nos,32,-127.03499,46
mapping_candidate_template_nos,33,-120.37556000000001,46
mapping_candidate_template_nos,34,-107.90803,40
mapping_candidate_template_nos,37;136,-1.42861,1
mapping_candidate_template_nos,37;136;139;141;142;143;144,-8.615544,6
mapping_candidate_template_nos,37;136;143;144,-16.06818,9
mapping_candidate_template_nos,37;38;39;40;41;42;43;44;45;136;141;142;143;144,-7.681,5
mapping_candidate_template_nos,37;40;136;143;144,-4.76835,3
mapping_candidate_template_nos,37;40;44;45;136;142;143,-6.17414,3
mapping_candidate_template_nos,37;41;136;142;143;144,-8.16827,4
mapping_candidate_template_nos,37;42;136,-1.70357,1
mapping_candidate_template_nos,37;42;43;136;143,-6.23613,2
mapping_candidate_template_nos,37;42;43;136;143;144,-8.67471,4
mapping_candidate_template_nos,37;42;43;44;136,-1.43276,1
mapping_candidate_template_nos,37;44;136;141;142,-5.19404,3
mapping_candidate_template_nos,3;5,-12.10756,4
mapping_candidate_template_nos,3;7,-12.79156,4
mapping_candidate_template_nos,3;9,-1.96422,1
mapping_candidate_template_nos,4,-156.6527,54
mapping_candidate_template_nos,42;138,-6.5332799999999995,2
mapping_candidate_template_nos,46,-48.46913,19
mapping_candidate_template_nos,46;47,-5.07624,2
mapping_candidate_template_nos,46;47;48;49;50;51;52;53;54,-43.58697,18
mapping_candidate_template_nos,46;49,-13.46569,6
mapping_candidate_template_nos,46;50,-13.253969999999999,6
mapping_candidate_template_nos,46;50;51;52;53;54,-15.15315,6
mapping_candidate_template_nos,46;50;53;54,-9.38575,4
mapping_candidate_template_nos,46;51,-10.19117,4
mapping_candidate_template_nos,46;51;52,-23.713729999999998,9
mapping_candidate_template_nos,46;51;52;53;54,-58.27953,21
mapping_candidate_template_nos,46;51;53;54,-10.72125,4
mapping_candidate_template_nos,46;53;54,-76.97894,27
mapping_candidate_template_nos,47,-146.08002,50
mapping_candidate_template_nos,47;49,-6.9488199999999996,2
mapping_candidate_template_nos,47;51,-26.79724,8
mapping_candidate_template_nos,47;54,-2.45759,1
mapping_candidate_template_nos,48,-141.54086,48
mapping_candidate_template_nos,48;50,-29.69077,10
mapping_candidate_template_nos,49,-138.60045,49
mapping_candidate_template_nos,49;51,-6.08733,2
mapping_candidate_template_nos,4;6,-13.94105,4
mapping_candidate_template_nos,5,-115.32826,41
mapping_candidate_template_nos,50,-112.44051,39
mapping_candidate_template_nos,50;52,-3.79948,2
mapping_candidate_template_nos,51,-112.35392,36
mapping_candidate_template_nos,52,-135.58231,44
mapping_candidate_template_nos,54,-104.78511,31
mapping_candidate_template_nos,55,-53.594848,27
mapping_candidate_template_nos,55;56;57;58;59;60;61;62;63,-61.9882,27
mapping_candidate_template_nos,55;57;58;59;60;61;62;63,-18.74106,8
mapping_candidate_template_nos,55;58,-12.43397,6
mapping_candidate_template_nos,55;58;60,-5.51299,3
mapping_candidate_template_nos,55;58;60;61;62;63,-13.80741,6
mapping_candidate_template_nos,55;58;60;63,-1.9578,1
mapping_candidate_template_nos,55;58;62;63,-2.91431,1
mapping_candidate_template_nos,55;59,-7.6794199999999995,4
mapping_candidate_template_nos,55;60,-3.53708,2
mapping_candidate_template_nos,55;60;61,-6.4532,3
mapping_candidate_template_nos,55;60;61;62;63,-26.56647,10
mapping_candidate_template_nos,55;60;62,-4.51891,3
mapping_candidate_template_nos,55;60;62;63,-1.33852,1
mapping_candidate_template_nos,55;61,-12.6905,6
mapping_candidate_template_nos,55;62,-5.06893,2
mapping_candidate_template_nos,55;62;63,-76.1776,34
mapping_candidate_template_nos,56,-149.51022,51
mapping_candidate_template_nos,56;58,-10.707180000000001,4
mapping_candidate_template_nos,56;60,-11.2425,4
mapping_candidate_template_nos,57,-145.1525,54
mapping_candidate_template_nos,57;59,-20.3025,6
mapping_candidate_template_nos,57;61,-17.69654,6
mapping_candidate_template_nos,58,-125.98706,43
mapping_candidate_template_nos,58;60,-26.89674,8
mapping_candidate_template_nos,59,-148.25973,49
mapping_candidate_template_nos,59;62,-3.43238,1
mapping_candidate_template_nos,5;7,-18.7709,6
mapping_candidate_template_nos,5;9,-3.06301,1
mapping_candidate_template_nos,6,-116.8634,43
mapping_candidate_template_nos,60,-108.25537,38
mapping_candidate_template_nos,61,-131.91342,46
mapping_candidate_template_nos,62;63,-3.00284,1
mapping_candidate_template_nos,63,-101.40687,32
mapping_candidate_template_nos,64,-57.70633,21
mapping_candidate_template_nos,64;65;66;67;68;69;70;71;72,-21.01598,9
mapping_candidate_template_nos,64;67,-21.3593,10
mapping_candidate_template_nos,64;67;71;72,-19.10775,8
mapping_candidate_template_nos,64;68,-11.9993,4
mapping_candidate_template_nos,64;68;69;70;71;72,-9.54617,6
mapping_candidate_template_nos,64;68;71;72,-9.80842,4
mapping_candidate_template_nos,64;69,-13.8036,6
mapping_candidate_template_nos,64;69;70,-18.30607,9
mapping_candidate_template_nos,64;69;70;71;72,-47.74034,21
mapping_candidate_template_nos,64;69;71;72,-22.31598,8
mapping_candidate_template_nos,64;70,-5.41123,2
mapping_candidate_template_nos,64;71;72,-148.02128,61
mapping_candidate_template_nos,64;72,-21.8747,9
mapping_candidate_template_nos,65,-160.35939,54
mapping_candidate_template_nos,65;67,-46.44116,18
mapping_candidate_template_nos,65;69,-12.63083,4
mapping_candidate_template_nos,66,-186.49714,64
mapping_candidate_template_nos,66;68,-13.09713,4
mapping_candidate_template_nos,66;70,-11.46452,4
mapping_candidate_template_nos,67,-136.90771,49
mapping_candidate_template_nos,67;69,-13.00789,4
mapping_candidate_template_nos,68,-165.26606,58
mapping_candidate_template_nos,68;70,-24.97511,8
mapping_candidate_template_nos,69,-143.48036,53
mapping_candidate_template_nos,6;8,-2.68894,1
mapping_candidate_template_nos,6;9,-5.27498,2
mapping_candidate_template_nos,7,-102.24018,40
mapping_candidate_template_nos,70,-149.49271,52
mapping_candidate_template_nos,72,-86.96636,27
mapping_candidate_template_nos,73,-65.926333,44
mapping_candidate_template_nos,73;78;79;80,-4.467143,4
mapping_candidate_template_nos,73;78;79;81,-2.96326,1
mapping_candidate_template_nos,73;80,-37.749271,22
mapping_candidate_template_nos,73;80;81,-8.56777,6
mapping_candidate_template_nos,73;81,-16.8165,8
mapping_candidate_template_nos,74,-114.835253,62
mapping_candidate_template_nos,74;75,-6.930949999999999,2
mapping_candidate_template_nos,74;79,-6.08352,2
mapping_candidate_template_nos,75,-157.27197999999999,51
mapping_candidate_template_nos,75;78,-20.64957,8
mapping_candidate_template_nos,76,-173.95198,61
mapping_candidate_template_nos,76;77,-6.3043700000000005,2
mapping_candidate_template_nos,77,-199.6201,62
mapping_candidate_template_nos,78,-159.61918,57
mapping_candidate_template_nos,78;79,-10.328289999999999,4
mapping_candidate_template_nos,79,-131.518375,61
mapping_candidate_template_nos,81,-134.778103,51
mapping_candidate_template_nos,9,-64.78852,20
mapping_candidate_template_nos,91,-61.67764,24
mapping_candidate_template_nos,91;92;93;94;95;96;97;98;99,-131.30235,45
mapping_candidate_template_nos,91;92;93;94;95;97;98;99,-3.12827,1
mapping_candidate_template_nos,91;92;97,-18.75674,6
mapping_candidate_template_nos,91;94,-21.7467,8
mapping_candidate_template_nos,91;94;95;96;97;98;99,-3.19076,1
mapping_candidate_template_nos,91;94;96,-9.9025,3
mapping_candidate_template_nos,91;94;98,-9.12898,3
mapping_candidate_template_nos,91;94;98;99,-18.641280000000002,9
mapping_candidate_template_nos,91;94;99,-3.49453,1
mapping_candidate_template_nos,91;95,-6.46501,2
mapping_candidate_template_nos,91;95;97,-9.80135,3
mapping_candidate_template_nos,91;95;97;99,-12.37057,4
mapping_candidate_template_nos,91;96,-10.30041,4
mapping_candidate_template_nos,91;96;97;98;99,-9.02463,5
mapping_candidate_template_nos,91;96;98;99,-2.85499,1
mapping_candidate_template_nos,91;97,-5.62918,2
mapping_candidate_template_nos,91;97;98;99,-33.31527,12
mapping_candidate_template_nos,91;98,-5.01619,2
mapping_candidate_template_nos,91;98;99,-133.24257,58
mapping_candidate_template_nos,91;99,-19.88518,6
mapping_candidate_template_nos,92,-204.90406,61
mapping_candidate_template_nos,92;94,-13.43626,4
mapping_candidate_template_nos,93,-196.53569,64
mapping_candidate_template_nos,93;95,-11.91262,4
mapping_candidate_template_nos,94,-148.15631,51
mapping_candidate_template_nos,95,-146.6778,50
mapping_candidate_template_nos,95;98;99,-3.3531,1
mapping_candidate_template_nos,96,-164.49946,54
mapping_candidate_template_nos,96;98,-2.35364,1
mapping_candidate_template_nos,97,-147.50112,51
mapping_candidate_template_nos,99,-82.29355,24
mapping_candidate_template_nos,missing,-1.29739,1
mapping_match_modes,exact_acgt,-22739.266655,8404
mapping_match_modes,iupac_compatible,-40.04862,12
mapping_match_modes,missing,-1.29739,1
mapping_candidate_orientations,forward,-11266.555874,4196
mapping_candidate_orientations,missing,-1.29739,1
mapping_candidate_orientations,reverse_complement,-11512.759401,4220
