path	readiness	role	included_in_final_training	key_boundary
processed/v2_2/EasyDesign_2024_V2-2_core_context_feature_table.csv	analysis_ready	Authoritative final feature table	yes	Only baseline_train and baseline_validation enter the final comparison
processed/v2_2/feature_manifest.csv	analysis_ready	188-feature input contract	yes	Five training constants are removed
processed/v2_2/feature_dictionary.csv	analysis_ready	Feature definitions and categories	yes	Metadata/label fields remain excluded
processed/v2_2/frozen_target_grouped_folds.csv	analysis_ready	Frozen five-fold OOF assignment	yes	Grouped by target, not guide
raw/easydesign_supplementary/Table S1.xlsx	source_verification	Unmodified EasyDesign repository data	no	Apache-2.0 upstream; byte-verified
raw/easydesign_supplementary/Table S2.xlsx	source_verification	Repository export of training/augment/test data	indirect	Apache-2.0 upstream; do not edit in place
raw/easydesign_supplementary/Table S3.xlsx	source_verification	Unmodified EasyDesign repository data	no	Apache-2.0 upstream; byte-verified
raw/easydesign_supplementary/Table S4.xlsx	source_verification	Unmodified EasyDesign repository data	no	Apache-2.0 upstream; byte-verified
examples/external_sequence_pairs.csv	deployment_example	External-input contract	no	Four source-linked examples
examples/expected_predictions.csv	deployment_example	Inference regression oracle	no	Generated by native artifacts
