relative_path	size_bytes	sha256
.gitattributes	780	e5b5d55aa7989d36e32197a527dbdf7203793467ecbe0b6780ea9eb93914915c
.github/ISSUE_TEMPLATE/bug_report.yml	1196	c940ed21b27ae58d62ba8aa3a74bda6aed5ec3a6d5cfabc30df3b222165e8cbb
.github/ISSUE_TEMPLATE/documentation.yml	455	16c16130419bb3f7333ee5d6e6fe10e79db7c48e048e6cb27df188c32a84ff47
.github/pull_request_template.md	570	c41c4289bfcc1806194ffbb393434dc0136d6a9889f9689fa68e2caf37904121
.github/workflows/ci.yml	1215	7c837786945bb9defb5e29a552a464976d73a79685c1cf417581a44f26e1f408
.gitignore	251	4084fdba5c689542693bca1c62c300d395010664f13465d2fc4b081e013ec0c3
CHANGELOG.md	2154	c867376ab090fd78ec5a4972fac3bf63f1964807508badc1f3d6625a9e3b9b6d
CODE_OF_CONDUCT.md	756	270f2a8848f200e10091761cd670e7b1e0159c2e3c81272b2cd1d61d2a263739
CONTRIBUTING.md	1795	bbe8e58ff921b23f67c3dab917907f94495d236fdb2c7957c24b0f9992ea0cfd
LICENSE	11357	c71d239df91726fc519c6eb72d318ec65820627232b2f796219e87dcf35d0ab4
NOTICE	818	ff1ccc9477c7d18b0fb237e562aea59f4981b96800fd9b1a37007b8640268174
README.md	7437	5d6177910c6cdefadf0c3624b369c40f41290e22d85e9b708e91fdd9ab522952
README_zh.md	4867	d6c72e4fad32148ad4e2eefae7e99e3814729dcd218b9dcdeafa7cae2e19d249
SECURITY.md	858	beec38f83b068b4756e81520ae516d2442d749d9fa04295cd0e926fd0dc8e84b
THIRD_PARTY_NOTICES.md	3992	bf046b5aec081e05632728bccd531bbf9af05f5ad70f75f7f6f388ee4da526eb
THIRD_PARTY_NOTICES_zh.md	3361	2534dc476b0136a6e5cc8c5172a0d24aebf3c3736f0484d0e5e848c751ed1e14
data/examples/expected_predictions.csv	989	160a04db7f8a5f102b76f65394c3491983507721850d0495eddf6ff9091f48c1
data/examples/external_sequence_pairs.csv	512	234d6a3721968811cad811b28cbcab75a9e8fc054ae6e14bb6be80568f982e59
data/examples/minimal_expected_output.csv	1651	0f2a14c80a9d6293f855ddf0d449e538d53436d956e5bdf259c79eac54ff9ae3
data/examples/minimal_input.csv	525	633448d32b51e829ab0f58109596d0ec828234dd3a40b4b3db37a280fc844335
data/metadata/data_manifest.tsv	1430	0b9d7ff799060b5ec56df5999b88c669c53005176f7b6ba17112c493a329be81
data/processed/v2_2/EasyDesign_2024_V2-2_core_context_feature_table.csv	25251175	39cda8368c216784507ac002df687b28a4f9cc6f81e2b0e84043e45eddb4c1c0
data/processed/v2_2/feature_dictionary.csv	43452	8585673d72bc7f53f2d2df4b686da22f60084b05786b93a2247d7ed977f56c66
data/processed/v2_2/feature_manifest.csv	7773	4253ce514b4644ce404227defc3ffba45e023ca77cd2f550579d57cffc1ae9c4
data/processed/v2_2/frozen_target_grouped_folds.csv	732342	a056905718eeba7fa2471afaa1e06a0b2c2c07231ca185322122cefc10b586b6
data/processed/v2_2/provenance/package_manifest.json	930	62da15cb330ba42b81e07c8f36d6b8bebcb7d31f601fea65a45ecce009d19aba
data/processed/v2_2/provenance/source_files_sha256.csv	785	3b6817f4d123097637d699ad298b6c53ad6fc4643dfbb5e82d0a5a6b80530213
data/processed/v2_2/record_roles_and_folds.csv	2493118	abc389c499eb79f2242c7456ff9412ce75804918550f4e949cbd305607d83736
data/raw/easydesign_supplementary/README.md	956	a87db0e65d43118d55e894cfbfcd7d82870d0a6a1ed26bd7d22f98962b31feb2
data/raw/easydesign_supplementary/README_zh.md	818	1c6552ea9775d202289923688c7567a70ff0512db319d4c82c2fc2d342be05a6
data/raw/easydesign_supplementary/Table S1.xlsx	62186	2437cd51c33500be7c777e13f935e1c09cbbdbb79b3134f2fbafb1ac611246cc
data/raw/easydesign_supplementary/Table S2.xlsx	1798267	1938131f3cb1522477352d74e52b5bb17c239c500a34b6105efa070e0aef7b2b
data/raw/easydesign_supplementary/Table S3.xlsx	18962	447136b8390c67e7cdb231222d0f0696f117a13d52c639e945cf5fd9a23f6848
data/raw/easydesign_supplementary/Table S4.xlsx	13576	44c42a997bfc076c090e5c33d4b9854e53577fe431f306a646ea5e9f96a931e8
docs/DATA.md	4897	48862417601d9a4feda027752e811c35f06c0db5e88b5c8dd06cc6fbff312a95
docs/DATA_zh.md	3196	72be7bbb06a53b9168ba2e14c3843261ffbc6a7b56f9f3815c9b056e0bba1038
docs/GITHUB_RELEASE_GUIDE_zh.md	2974	b2db60fbec43c18b60fbd84b9a1805142e01e060770425e9c445282c41b361d9
docs/PUBLICATION_CHECKLIST_zh.md	1449	43c9712822d6a5fa1f8d0bb489023f33206ef3c0df7cfec84823cbb146a975c9
docs/REPOSITORY_MAP.md	3513	064c31c8451c483dd343983eb104313c5cc2afc166c0e923836a17caca71000b
docs/REPOSITORY_MAP_zh.md	1486	c860694155a25f7c17404b327f3d7011264205e91bfca96ab2508211602a8802
docs/REPRODUCIBILITY.md	2105	21ea9b33ea80b4a89f871e18913288cf2ffe78f0fd611bb15b875af7527cccc7
docs/REPRODUCIBILITY_zh.md	1239	5ccfca3c5055bda39f3321499fc640dcbd2bab156398a3d9296a930347453157
docs/RESULTS.md	3191	ecb29f823e1956c1e3106b0f1da0a26c9c4d6ef0f84af6686ea11817a7b6f749
docs/RESULTS_zh.md	2235	1ba170c64038e04fe18e0741027926e7ede1a972aba85ba0e41d00d8c7e69154
docs/USAGE.md	3163	be30ff28ec793b58429c1c302892de487b0858ebc6a3e3b39bef266fa262659c
docs/USAGE_zh.md	2310	620527ac74245767ad54541688cac9b7b04c01a87537b862246354599b69c2b1
models/MODEL_CARD.md	3186	17219ab5163c6339375271a0bd5f23f09306b71c185a0d8519228b590bc11ee2
models/MODEL_CARD_zh.md	1635	73cb011d875846e473e9f2b99c7280918bb0d065718740cd1c6028959e005119
models/d_model_metadata.json	1806	7b0dda9590877b53fc74a0cfb2380c219cbf36d5904d53325db4d20e06bdc869
models/model_input_metadata.json	6230	6825f89ea1a48f686068521adcc29b0555ccdbc74688f4cb09c718d09e9d73fe
models/primary/d_lightgbm.txt	2379184	fe68bbca8631a3cda084b35c78a48e9a399de3bd3b3ad0841c3873b0170d2602
models/primary/d_mlp_pipeline.joblib	1939536	5b2f5bde6d8b08b05b3d298b64312961c1482456a2c27e3c3e59440675f753a6
models/primary/d_xgboost.json	4517236	cbd7d6f8e0fc6223c8e46fdad0635567056d04d92e92d8334ebb5b84f1b36d3b
models/primary/xgboost_final.json	9848482	dca4fd16ef737944b39216c6ead2bb40cf8e1a41a1457bd4b6cfea7d8ed780c1
models/supporting/catboost_final.cbm	8317656	f9f3ccb5b907c21f3811470a99cda39e764f4699962cb1614b970d5d839a69b1
models/training_medians.csv	5970	26ef7c3ea6c788c4374dcb9e79c7ed60a9d48260cf6ad4a6cdb18f014dffefc3
pyproject.toml	996	c456bf00e669b1aa0053548ddb751dae63c7d14cf8ac52c236f8226389c5595c
reports/presentation/Cas12a_Final_Presentation_zh.pptx	230916	fcdc945c88b2e69c323c1194f8e46d5a2268a770ceb1ff0ee67d8850931b2dcf
reports/presentation/Cas12a_Final_Script_zh.txt	19362	bdd88e04636a52b979fecd4af383e159dd242ef8bd4ec8996f42f515a989754d
requirements.txt	139	9b3934e3ec8c66d487d24287cf5c54f8a7defad07ec43b3bbf60a909d6e7fd74
results/ensemble_vs_xgb_target_bootstrap.csv	698	c4bd691eadb5cc2af2769b1b39f92c74f080a7877d103a8d4941d5256db2b79d
results/experiment_manifest.json	432	9f2b2fa8ac9fa7cdd4ca8431d0c6d7f3a6623446fc1745222bdcf5ddd1a52099
results/figures/model_comparison.svg	1059	7678e015e3248d6ae8237394d3ae7877cf898a97c1e68bb3283422b7eb10ffb2
results/final_metrics.csv	552	d46f032bae7d96738fe07e8b3b9a20cf6e61080a40bccd5abacee608125ad5fc
results/fixed_validation_predictions.csv	240035	ac368ad5dea1440a8d2254b0d48025feb448481d68fac4ab4f96f80b82a885b6
results/oof_predictions.csv	672762	aa851a661a767f99761cd9844f12241059420539a8faa6917eb2d0a2c2fcb079
results/oof_weight_search.csv	11445	9e3881a7179d2348e8a6a00ee16adbd5db8a32f590f40ad1e74d7b21fc0c500b
results/recomputed_metrics.csv	499	3b7df44e8fb1bcff6378e74441fcd011db1314cd6ce329a6faa6674271d9463c
results/v1_5_d_ensemble/d_vs_v1_xgb_target_bootstrap.csv	735	710ae8e033ffbcef501b291a8474733f5e7a45dbf57d2b78b119796a481e478f
results/v1_5_d_ensemble/fixed_validation_predictions.csv	316929	a6b61e1fb784d427a58268fea531a5a81eeaf7085116ee9af3852fd05ef05781
results/v1_5_d_ensemble/metrics.csv	1107	e279d7004866076db25d42ccdf57ddb726267c2741a3fb0490d27578a3153b83
results/v1_5_d_ensemble/oof_predictions.csv	1144495	7fa49d0d1af7448b227273fde2e3ceae5b8040558af3e6d0910ed81644c5dd2b
results/v1_5_d_ensemble/oof_weight_grid.csv	219154	88d9df2f7559d1cc93148c5eff5bf4280fa8d682500cd9d728abc209744472c7
results/v1_5_d_ensemble/recomputed_fixed_validation_metrics.csv	615	d92d5f135311cd0fe431b74199ac9edc25b2190ebe1d147bfb3c5014a7d6d612
results/v1_5_d_ensemble/run_manifest.json	38188	34cffe91809a640eb410d59fc235cca01cf318c548ad0bd5505c93e85d1eae0c
scripts/generate_sha256_manifest.py	1800	b646f409e85b20ede737b95accbc9b9457f47bedba676620973fc73277d4d934
scripts/predict_external.py	1292	3eab01709c2d98f6f2073ea11927dd7f0cc2b2d4123e20f75c08f2f9de25fd9b
scripts/reproduce_metrics.py	5546	73b72abf1d90e65570290de673a343baedd3f79efa31e8a60d7a5e7247349b70
scripts/train_final_four.py	11342	353b8326ce9214a0b1c5cebba2f1d4ce7e3695df4a2d9f768e5316fe2d10883b
scripts/verify_repository.py	8214	5653713977c8e3644be03fe0472c0cd14ac5f30582ef046952e3b7d2312a3025
src/cas12a_ml/__init__.py	390	573523f2aff26238bdd40ebb03572d74c5fffe2044b9996c4924ee2cd2bf4a17
src/cas12a_ml/cli.py	4129	dc9c008ba6938510cf300b48655df1b6939fd39290e5787c07e65f892234eee1
src/cas12a_ml/features.py	8310	ddbce79dcdb20ca199d8785ebf434177d2e52d11ae1afe4cfb6b3c1535d737bb
src/cas12a_ml/io.py	7390	20ef19bef677295dacc38970a6e6baa2818566066842d3901f73c68c8e9b78a7
src/cas12a_ml/predict.py	5345	e19134044443816ba0e5b57816e8304cf5c3d96e02733c0a99606cf19b7ce0d9
tests/test_data_integrity.py	938	a346de124969c03611f3e749d1e236d3a1240a1763ee4d5e53019e4c534c4cf4
tests/test_features.py	1365	60d33e163bdb96d849b1910fe77f7a35d976313941861b3dcdb5d6ec9ab38d67
tests/test_file_io.py	3422	d8d85d01cb87063c9df540170c73bef8615a4c32f9aae1709a08a0d7590b4dae
tests/test_inference.py	1821	29184ccd319c2a92a5de8175cd4c3cbb3d473ea1ca019f17b2eeb38a26f4481b
