feature_name,category
aligned_difference_count,pair_alignment
substitution_count,pair_alignment
gap_count_target,pair_alignment
gap_count_guide,pair_alignment
pam_difference_count,pair_alignment
spacer_difference_count,pair_alignment
first_difference_position_1based,pair_alignment
last_difference_position_1based,pair_alignment
longest_match_run,pair_alignment
longest_substitution_run,pair_alignment
longest_target_gap_run,pair_alignment
difference_pos_01,pair_position
substitution_pos_01,pair_position
target_gap_pos_01,pair_position
difference_pos_02,pair_position
substitution_pos_02,pair_position
target_gap_pos_02,pair_position
difference_pos_03,pair_position
substitution_pos_03,pair_position
target_gap_pos_03,pair_position
difference_pos_04,pair_position
substitution_pos_04,pair_position
target_gap_pos_04,pair_position
difference_pos_05,pair_position
substitution_pos_05,pair_position
target_gap_pos_05,pair_position
difference_pos_06,pair_position
substitution_pos_06,pair_position
target_gap_pos_06,pair_position
difference_pos_07,pair_position
substitution_pos_07,pair_position
target_gap_pos_07,pair_position
difference_pos_08,pair_position
substitution_pos_08,pair_position
target_gap_pos_08,pair_position
difference_pos_09,pair_position
substitution_pos_09,pair_position
target_gap_pos_09,pair_position
difference_pos_10,pair_position
substitution_pos_10,pair_position
target_gap_pos_10,pair_position
difference_pos_11,pair_position
substitution_pos_11,pair_position
target_gap_pos_11,pair_position
difference_pos_12,pair_position
substitution_pos_12,pair_position
target_gap_pos_12,pair_position
difference_pos_13,pair_position
substitution_pos_13,pair_position
target_gap_pos_13,pair_position
difference_pos_14,pair_position
substitution_pos_14,pair_position
target_gap_pos_14,pair_position
difference_pos_15,pair_position
substitution_pos_15,pair_position
target_gap_pos_15,pair_position
difference_pos_16,pair_position
substitution_pos_16,pair_position
target_gap_pos_16,pair_position
difference_pos_17,pair_position
substitution_pos_17,pair_position
target_gap_pos_17,pair_position
difference_pos_18,pair_position
substitution_pos_18,pair_position
target_gap_pos_18,pair_position
difference_pos_19,pair_position
substitution_pos_19,pair_position
target_gap_pos_19,pair_position
difference_pos_20,pair_position
substitution_pos_20,pair_position
target_gap_pos_20,pair_position
difference_pos_21,pair_position
substitution_pos_21,pair_position
target_gap_pos_21,pair_position
difference_pos_22,pair_position
substitution_pos_22,pair_position
target_gap_pos_22,pair_position
difference_pos_23,pair_position
substitution_pos_23,pair_position
target_gap_pos_23,pair_position
difference_pos_24,pair_position
substitution_pos_24,pair_position
target_gap_pos_24,pair_position
difference_pos_25,pair_position
substitution_pos_25,pair_position
target_gap_pos_25,pair_position
sub_A_to_C_count,substitution_type
sub_A_to_G_count,substitution_type
sub_A_to_T_count,substitution_type
sub_C_to_A_count,substitution_type
sub_C_to_G_count,substitution_type
sub_C_to_T_count,substitution_type
sub_G_to_A_count,substitution_type
sub_G_to_C_count,substitution_type
sub_G_to_T_count,substitution_type
sub_T_to_A_count,substitution_type
sub_T_to_C_count,substitution_type
sub_T_to_G_count,substitution_type
guide_length_acgt,sequence_composition
guide_gc_content,sequence_composition
guide_shannon_entropy,sequence_composition
guide_longest_homopolymer,sequence_composition
guide_a_fraction,sequence_composition
guide_c_fraction,sequence_composition
guide_g_fraction,sequence_composition
guide_t_fraction,sequence_composition
target_ungapped_length_acgt,sequence_composition
target_ungapped_gc_content,sequence_composition
target_ungapped_shannon_entropy,sequence_composition
target_ungapped_longest_homopolymer,sequence_composition
target_ungapped_a_fraction,sequence_composition
target_ungapped_c_fraction,sequence_composition
target_ungapped_g_fraction,sequence_composition
target_ungapped_t_fraction,sequence_composition
guide_spacer_length_acgt,sequence_composition
guide_spacer_gc_content,sequence_composition
guide_spacer_shannon_entropy,sequence_composition
guide_spacer_longest_homopolymer,sequence_composition
guide_spacer_a_fraction,sequence_composition
guide_spacer_c_fraction,sequence_composition
guide_spacer_g_fraction,sequence_composition
guide_spacer_t_fraction,sequence_composition
target_spacer_ungapped_length_acgt,sequence_composition
target_spacer_ungapped_gc_content,sequence_composition
target_spacer_ungapped_shannon_entropy,sequence_composition
target_spacer_ungapped_longest_homopolymer,sequence_composition
target_spacer_ungapped_a_fraction,sequence_composition
target_spacer_ungapped_c_fraction,sequence_composition
target_spacer_ungapped_g_fraction,sequence_composition
target_spacer_ungapped_t_fraction,sequence_composition
guide_context_unique_base_count,sequence_context
guide_context_gc_first_half,sequence_context
guide_context_gc_second_half,sequence_context
guide_context_gc_first_5nt,sequence_context
guide_context_gc_last_5nt,sequence_context
guide_context_dinuc_AA_frequency,sequence_context
guide_context_dinuc_AC_frequency,sequence_context
guide_context_dinuc_AG_frequency,sequence_context
guide_context_dinuc_AT_frequency,sequence_context
guide_context_dinuc_CA_frequency,sequence_context
guide_context_dinuc_CC_frequency,sequence_context
guide_context_dinuc_CG_frequency,sequence_context
guide_context_dinuc_CT_frequency,sequence_context
guide_context_dinuc_GA_frequency,sequence_context
guide_context_dinuc_GC_frequency,sequence_context
guide_context_dinuc_GG_frequency,sequence_context
guide_context_dinuc_GT_frequency,sequence_context
guide_context_dinuc_TA_frequency,sequence_context
guide_context_dinuc_TC_frequency,sequence_context
guide_context_dinuc_TG_frequency,sequence_context
guide_context_dinuc_TT_frequency,sequence_context
guide_context_trinuc_AAA_frequency,sequence_context
guide_context_trinuc_CCC_frequency,sequence_context
guide_context_trinuc_GGG_frequency,sequence_context
guide_context_trinuc_TTT_frequency,sequence_context
guide_context_trinuc_GCG_frequency,sequence_context
guide_context_trinuc_CGC_frequency,sequence_context
guide_context_trinuc_TAT_frequency,sequence_context
guide_context_trinuc_ATA_frequency,sequence_context
target_context_unique_base_count,sequence_context
target_context_gc_first_half,sequence_context
target_context_gc_second_half,sequence_context
target_context_gc_first_5nt,sequence_context
target_context_gc_last_5nt,sequence_context
target_context_dinuc_AA_frequency,sequence_context
target_context_dinuc_AC_frequency,sequence_context
target_context_dinuc_AG_frequency,sequence_context
target_context_dinuc_AT_frequency,sequence_context
target_context_dinuc_CA_frequency,sequence_context
target_context_dinuc_CC_frequency,sequence_context
target_context_dinuc_CG_frequency,sequence_context
target_context_dinuc_CT_frequency,sequence_context
target_context_dinuc_GA_frequency,sequence_context
target_context_dinuc_GC_frequency,sequence_context
target_context_dinuc_GG_frequency,sequence_context
target_context_dinuc_GT_frequency,sequence_context
target_context_dinuc_TA_frequency,sequence_context
target_context_dinuc_TC_frequency,sequence_context
target_context_dinuc_TG_frequency,sequence_context
target_context_dinuc_TT_frequency,sequence_context
target_context_trinuc_AAA_frequency,sequence_context
target_context_trinuc_CCC_frequency,sequence_context
target_context_trinuc_GGG_frequency,sequence_context
target_context_trinuc_TTT_frequency,sequence_context
target_context_trinuc_GCG_frequency,sequence_context
target_context_trinuc_CGC_frequency,sequence_context
target_context_trinuc_TAT_frequency,sequence_context
target_context_trinuc_ATA_frequency,sequence_context
