variant,protocol,scheme,spearman,pearson,rmse,mae,r2
teammate_exact,crossfitted_meta_oof,current_final,0.8189894132671622,0.8119023047221939,0.37825377052943093,0.28885794408491144,0.6577012911488985
teammate_exact,crossfitted_meta_oof,candidate,0.7724998961583426,0.7533066167617124,0.4264620290646495,0.3296538012003002,0.5648895968512214
teammate_exact,crossfitted_meta_oof,add_fourth,0.8220626133053378,0.8138059977593923,0.37829139552932933,0.29093582814834484,0.6576331906807611
teammate_exact,crossfitted_meta_oof,replace_a_fixed,0.822326567302982,0.8146138739420462,0.37646613865232864,0.2888286786229341,0.660929061487014
teammate_exact,crossfitted_meta_oof,augment_a_fixed_top,0.8213442613314574,0.8139702768719177,0.3767623768422543,0.2884038781635499,0.6603952271218638
teammate_exact,crossfitted_meta_oof,reweight_dbc,0.8224818028791534,0.8142676812073568,0.37756934838080125,0.2906754488979476,0.6589388987169227
teammate_exact,historical_fixed_validation,current_final,0.8423697331753861,0.8324788353087487,0.35355729350487786,0.2691657219457176,0.6916896707245986
teammate_exact,historical_fixed_validation,candidate,0.7994055046306879,0.784199508764204,0.398559226011909,0.31048615214675945,0.6082092238304466
teammate_exact,historical_fixed_validation,add_fourth,0.8457293094196485,0.8361168024720586,0.3524559970392932,0.27137583494079676,0.6936073924828784
teammate_exact,historical_fixed_validation,replace_a_fixed,0.8472034741906879,0.8368599172864376,0.3506115409286571,0.2691668124130067,0.696805800352555
teammate_exact,historical_fixed_validation,augment_a_fixed_top,0.8454449780612278,0.8353492875849713,0.3514293014170218,0.26855044714836823,0.6953898208217941
teammate_exact,historical_fixed_validation,reweight_dbc,0.8473526947296429,0.8373655832649156,0.35113993085716766,0.2709259514371144,0.6958912527051565
manifest_safe,crossfitted_meta_oof,current_final,0.8189894132671622,0.8119023047221939,0.37825377052943093,0.28885794408491144,0.6577012911488985
manifest_safe,crossfitted_meta_oof,candidate,0.7406686302179064,0.7175698839967493,0.4509669419309738,0.34724928473119687,0.5134492531480579
manifest_safe,crossfitted_meta_oof,add_fourth,0.8200187839711558,0.8118084332269836,0.3796096399925505,0.2913608663000698,0.6552429194431397
manifest_safe,crossfitted_meta_oof,replace_a_fixed,0.8213469166323685,0.8132722597385789,0.37813896887455295,0.2906694775793089,0.6579090378944827
manifest_safe,crossfitted_meta_oof,augment_a_fixed_top,0.8198502678153666,0.8125061515201202,0.37793877919808444,0.2890352164656552,0.6582711531850398
manifest_safe,crossfitted_meta_oof,reweight_dbc,0.8206799806927911,0.8124701549711196,0.3790947917113829,0.29162396965999626,0.6561774437832605
manifest_safe,historical_fixed_validation,current_final,0.8423697331753861,0.8324788353087487,0.35355729350487786,0.2691657219457176,0.6916896707245986
manifest_safe,historical_fixed_validation,candidate,0.7709418405865481,0.7537795124035379,0.4204865852942966,0.32604111754079396,0.5639133779010039
manifest_safe,historical_fixed_validation,add_fourth,0.8436599275773449,0.8337179078654356,0.35397810551500286,0.27175645482352445,0.6909553178943019
manifest_safe,historical_fixed_validation,replace_a_fixed,0.8461558326118818,0.8354807207247226,0.35225309183393855,0.27072122932068565,0.693960064933054
manifest_safe,historical_fixed_validation,augment_a_fixed_top,0.8435430005384219,0.8335211967607237,0.35287929305813404,0.2691362258918358,0.6928710018236426
manifest_safe,historical_fixed_validation,reweight_dbc,0.8460870498630371,0.8354075546624299,0.3527001319840125,0.2716049791727386,0.6931827888495107
