protocol,scheme,records,spearman,pearson,rmse,mae,r2
crossfitted_meta_oof,current_final,8417,0.8189894132671622,0.8119023047221939,0.37825377052943093,0.28885794408491144,0.6577012911488985
crossfitted_meta_oof,candidate,8417,0.7406686302179064,0.7175698839967494,0.4509669419309738,0.3472492847311969,0.5134492531480579
crossfitted_meta_oof,b,8417,0.8147651319276739,0.8075824506561579,0.3813513047592853,0.28978958997557513,0.6520721427055501
crossfitted_meta_oof,c,8417,0.8141676646213932,0.807501008079183,0.38155108519663034,0.2907895376331973,0.6517075057648087
crossfitted_meta_oof,replace_a_fixed,8417,0.8213469166323685,0.8132722597385789,0.378138968874553,0.2906694775793089,0.6579090378944825
historical_fixed_validation,current_final,2217,0.8423697331753861,0.8324788353087487,0.35355729350487786,0.2691657219457176,0.6916896707245986
historical_fixed_validation,candidate,2217,0.7709418405865481,0.7537795124035377,0.4204865852942966,0.32604111754079396,0.5639133779010039
historical_fixed_validation,b,2217,0.8405153614331693,0.8277671400569945,0.3573504681319366,0.2703962520078935,0.685038707195238
historical_fixed_validation,c,2217,0.8416465892655406,0.832070069890825,0.35397405996300857,0.2687677133707771,0.6909623818859221
historical_fixed_validation,replace_a_fixed,2217,0.8461558326118818,0.8354807207247226,0.35225309183393855,0.27072122932068565,0.693960064933054
