candidate_weight,spearman
0.0,0.7747153992384568
0.005,0.7748140343947715
0.01,0.7749165457408363
0.015,0.775015429194254
0.02,0.7751120409661371
0.025,0.7751947620862722
0.03,0.7752718066941245
0.035,0.7753610227702213
0.04,0.7754326526760034
0.045,0.7755196513242419
0.05,0.7755875058100389
0.055,0.7756668066644964
0.06,0.7757573067174426
0.065,0.7758310637758626
0.07,0.7759079855583011
0.075,0.77597538841645
0.08,0.7760600418005987
0.085,0.7761395593377208
0.09,0.7762089929556624
0.095,0.7762627407006981
0.1,0.7763258275742244
0.105,0.7763946285210455
0.11,0.7764476109390867
0.115,0.7764987179326951
0.12,0.7765537526630837
0.125,0.7765826520129052
0.13,0.7766472518918768
0.135,0.7766974023625773
0.14,0.7767480552432527
0.145,0.7767675967796659
0.15,0.7768118128620674
0.155,0.7768648391499212
0.16,0.7768781636999708
0.165,0.7769045758628333
0.17,0.7769253490744247
0.17500000000000002,0.7769217022453127
0.18,0.7769335780954153
0.185,0.776957527451263
0.19,0.7769718689357697
0.195,0.7769732266461027
0.2,0.7769796071783233
0.20500000000000002,0.7769863111598557
0.21,0.7770054705962368
0.215,0.7770128639375423
0.22,0.777017361971826
0.225,0.7770232099486684
0.23,0.7770267480792512
0.23500000000000001,0.7770200568964347
0.24,0.7770141381946123
0.245,0.7770045018380785
0.25,0.7769753469868453
0.255,0.7769491185539783
0.26,0.7769321541175165
0.265,0.7769145098297618
0.27,0.7768850055494332
0.275,0.77686584092112
0.28,0.7768315085163522
0.28500000000000003,0.7768045708514921
0.29,0.7767653091701692
0.295,0.7767311325434844
0.3,0.7766916394187139
0.305,0.7766211983647331
0.31,0.7765604982001956
0.315,0.7765285081818193
0.32,0.7764794472420663
0.325,0.776429340077713
0.33,0.7763754987068496
0.335,0.7763159933608105
0.34,0.7762880328048579
0.34500000000000003,0.7762231836225949
0.35000000000000003,0.7761524658165044
0.355,0.7760821569555513
0.36,0.776009209425981
0.365,0.775938996102613
0.37,0.7758637186130777
0.375,0.7757588322398713
0.38,0.7756554586306247
0.385,0.7755622485501823
0.39,0.7754574250033773
0.395,0.7753898828887584
0.4,0.7753000073769307
0.405,0.7751980388594273
0.41000000000000003,0.77509565746259
0.41500000000000004,0.7750009534640955
0.42,0.7748753832992578
0.425,0.774763410492321
0.43,0.77465499944127
0.435,0.7745144074073528
0.44,0.774386809813206
0.445,0.7742344008616385
0.45,0.774101451049719
0.455,0.7739680032248679
0.46,0.773839789521461
0.465,0.7737054076519503
0.47000000000000003,0.7735766518645616
0.47500000000000003,0.7734475015004053
0.48,0.7732980855668119
0.485,0.7731334945618986
0.49,0.7729799374588493
0.495,0.7728188957632713
0.5,0.7726697370013624
0.505,0.7724925973786195
0.51,0.7723334462304856
0.515,0.7721668617651825
0.52,0.7720108442599084
0.525,0.7718236101429453
0.53,0.7716731889869273
0.535,0.7715032070159271
0.54,0.7713132630626436
0.545,0.7711333675000294
0.55,0.7709509344108524
0.555,0.770755137842198
0.56,0.7705314503659496
0.5650000000000001,0.7703199069594364
0.5700000000000001,0.7701050356754614
0.5750000000000001,0.7698913471860336
0.58,0.769682023078889
0.585,0.7694567888596995
0.59,0.7692398980550558
0.595,0.7690404933049845
0.6,0.7688414907887743
0.605,0.7686250122999991
0.61,0.7684040013954838
0.615,0.7681580017626629
0.62,0.7679016650536686
0.625,0.7676672547990607
0.63,0.7674199766831787
0.635,0.7671800202579289
0.64,0.7669328454373444
0.645,0.7666678265603674
0.65,0.7664251855843105
0.655,0.7661598403400751
0.66,0.7659164813379388
0.665,0.7656354183548122
0.67,0.7653727607101343
0.675,0.7651267249249653
0.68,0.7648552981172585
0.685,0.764566550199438
0.6900000000000001,0.764291527767545
0.6950000000000001,0.7639929046643205
0.7000000000000001,0.7637312327320749
0.705,0.7634369396397388
0.71,0.7631495277690156
0.715,0.7628640132878173
0.72,0.7625622565216089
0.725,0.762251600129988
0.73,0.7619561213251583
0.735,0.7616660264430967
0.74,0.7613301031925822
0.745,0.7610409120789725
0.75,0.7607227365926242
0.755,0.7604008888910315
0.76,0.7600918242692812
0.765,0.7597491844296941
0.77,0.7594282405267389
0.775,0.7591219241676426
0.78,0.7587894419907812
0.785,0.7584795077606743
0.79,0.7581457110590847
0.795,0.757780236005965
0.8,0.757450200688033
0.805,0.7570774155556952
0.81,0.756704350672806
0.8150000000000001,0.7563255370333092
0.8200000000000001,0.7559661059826492
0.8250000000000001,0.7555966353152825
0.8300000000000001,0.755228631801357
0.835,0.7548515243152243
0.84,0.7544871743718731
0.845,0.7541323065363791
0.85,0.7537375829860751
0.855,0.7533601262519604
0.86,0.7529750464838603
0.865,0.7525844695666152
0.87,0.7521695634775379
0.875,0.7517890887116065
0.88,0.7513865105832505
0.885,0.7509861094037943
0.89,0.750562945275254
0.895,0.7501716427754547
0.9,0.7497414538120362
0.905,0.7493380144468103
0.91,0.7489182941186937
0.915,0.748511500815727
0.92,0.7480972800113601
0.925,0.7476730135330322
0.93,0.7472620328061305
0.935,0.7468487584627875
0.9400000000000001,0.7463924487689044
0.9450000000000001,0.7459642707232438
0.9500000000000001,0.7455359107285408
0.9550000000000001,0.7450860776981147
0.96,0.7446560791155966
0.965,0.7442082193010503
0.97,0.7437500486919708
0.975,0.7432886758682942
0.98,0.7428307734788474
0.985,0.742386761227992
0.99,0.7419250584852122
0.995,0.7414470724250609
1.0,0.7409809403304154
