protocol,scheme,spearman,pearson,rmse,mae,r2
crossfitted_meta_oof,Current A/B/C,0.8189894132671622,0.8119023047221939,0.37825377052943093,0.28885794408491144,0.6577012911488985
crossfitted_meta_oof,"D replaces A
20/47/33",0.8213469166323685,0.8132722597385789,0.378138968874553,0.2906694775793089,0.6579090378944825
crossfitted_meta_oof,"Fine reweight
cross-fitted",0.820690924671601,0.8124624891872887,0.3791147754801149,0.29166510260810663,0.6561411940024903
historical_fixed_validation,Current A/B/C,0.8423697331753861,0.8324788353087487,0.35355729350487786,0.2691657219457176,0.6916896707245986
historical_fixed_validation,"D replaces A
20/47/33",0.8461558326118818,0.8354807207247226,0.35225309183393855,0.27072122932068565,0.693960064933054
historical_fixed_validation,"Fine reweight
cross-fitted",0.8460713736205452,0.8354321958599326,0.3526134162270939,0.27144904513596824,0.6933336400321016
