xgboost_weight,catboost_weight,spearman,pearson,rmse,mae,r2
0.0,1.0,0.7328812876041347,0.7095116923721518,0.4585099020833523,0.35690300851190154,0.49703684952833527
0.01,0.99,0.7331839207402856,0.7098174565928408,0.45831257822863747,0.3567014063896922,0.49746966579398577
0.02,0.98,0.7334842760974004,0.7101176425655888,0.4581179506302168,0.35650172075730996,0.49789638550213977
0.03,0.97,0.7338106182311224,0.7104122592757428,0.45792602272597693,0.3563056959255974,0.49831700865279704
0.04,0.96,0.7340927412638778,0.710701316055119,0.45773679791184285,0.3561115710159786,0.4987315352459577
0.05,0.95,0.7343480137576235,0.7109848225792481,0.4575502795414902,0.3559191310361161,0.49913996528162174
0.06,0.94,0.734612562996181,0.7112627888645706,0.45736647092605903,0.35572965512556837,0.49954229875978917
0.07,0.9299999999999999,0.7348876203025627,0.7115352252655803,0.45718537533387116,0.35554175952936223,0.4999385356804599
0.08,0.92,0.7351399415452136,0.7118021424719237,0.4570069959901499,0.3553568060907615,0.5003286760436341
0.09,0.91,0.73539793162293,0.7120635515054496,0.45683133607674326,0.3551739643431075,0.5007127198493115
0.1,0.9,0.7356660811040784,0.7123194637172156,0.45665839873184977,0.3549922350896965,0.5010906670974924
0.11,0.89,0.7359218321611345,0.7125698907844469,0.4564881870497473,0.3548131403090719,0.5014625177881766
0.12,0.88,0.7361826707178664,0.7128148447074572,0.45632070408052516,0.3546376277185173,0.5018282719213644
0.13,0.87,0.7364176541476766,0.7130543378065195,0.45615595282981963,0.35446576333313123,0.5021879294970553
0.14,0.86,0.7366635446090599,0.7132883827187054,0.4559939362585519,0.35429621754483814,0.5025414905152497
0.15,0.85,0.7368931573877265,0.713516992394676,0.4558346572826699,0.3541294471231833,0.5028889549759474
0.16,0.84,0.7371045623326585,0.7137401800954388,0.45567811877289355,0.3539640744875278,0.5032303228791484
0.17,0.83,0.737317368636375,0.7139579593890668,0.45552432355446243,0.35380020527980793,0.5035655942248529
0.18,0.8200000000000001,0.7375366334317864,0.71417034414738,0.4553732744068883,0.35363874657563044,0.5038947690130607
0.19,0.81,0.7377214365674728,0.7143773485425917,0.45522497406370943,0.3534800643296185,0.5042178472437719
0.2,0.8,0.737903582339562,0.7145789870439223,0.4550794252122501,0.35332344209033795,0.5045348289169866
0.21,0.79,0.738089922749957,0.7147752744141789,0.4549366304933823,0.3531694631751254,0.5048457140327045
0.22,0.78,0.7382908181680918,0.7149662257063042,0.4547965925012914,0.3530175468535827,0.5051505025909258
0.23,0.77,0.7384867272990386,0.7151518562598939,0.45465931378324637,0.35286834668880523,0.5054491945916505
0.24,0.76,0.7386382576771108,0.715332181697686,0.45452479683937197,0.3527213423359123,0.5057417900348786
0.25,0.75,0.7388065154034804,0.7155072179220219,0.4543930441224266,0.3525756234667909,0.50602828892061
0.26,0.74,0.7389551181155128,0.71567698111128,0.4542640580375823,0.3524311890717883,0.5063086912488448
0.27,0.73,0.7391104943568176,0.7158414877162833,0.45413784094220955,0.3522875174900243,0.506582997019583
0.28,0.72,0.7392563518146994,0.7160007544566842,0.4540143951456655,0.35214607431190875,0.5068512062328245
0.29,0.71,0.7394308291233983,0.7161547983173245,0.45389372290908647,0.35200677755615273,0.5071133188885695
0.3,0.7,0.7395866410442654,0.7163036365445737,0.4537758264451842,0.3518706381079848,0.5073693349868177
0.31,0.69,0.7397073973322915,0.7164472866426461,0.45366070791804586,0.3517361880351238,0.5076192545275693
0.32,0.6799999999999999,0.739852293115581,0.7165857663698977,0.4535483694429386,0.3516036986739775,0.5078630775108244
0.33,0.6699999999999999,0.7399998982622823,0.7167190937351061,0.45343881308611783,0.3514727633455873,0.5081008039365829
0.34,0.6599999999999999,0.7401411888122869,0.7168472869937315,0.4533320408646399,0.35134294440225333,0.5083324338048445
0.35000000000000003,0.6499999999999999,0.7402615859916852,0.7169703646441609,0.45322805474617855,0.35121606995448956,0.5085579671156097
0.36,0.64,0.7403717600256191,0.7170883454239383,0.4531268566488459,0.3510909927608796,0.5087774038688783
0.37,0.63,0.7404898924359968,0.7172012483059804,0.4530284484410176,0.35096835265286674,0.5089907440646501
0.38,0.62,0.7405862118598502,0.7173090924947795,0.45293283194116196,0.3508477034393022,0.5091979877029253
0.39,0.61,0.7406834390970327,0.7174118974225936,0.45284000891767423,0.35072860018271784,0.5093991347837039
0.4,0.6,0.7407757586303385,0.7175096827456273,0.45274998108871406,0.3506109875960772,0.5095941853069859
0.41000000000000003,0.59,0.7408835073780216,0.7176024683402029,0.45266275012204815,0.35049610148089266,0.5097831392727712
0.42,0.5800000000000001,0.7409587862560969,0.7176902742989203,0.4525783176348972,0.35038496946836933,0.5099659966810599
0.43,0.5700000000000001,0.7410460603484006,0.7177731209268143,0.4524966851937871,0.35027561093842624,0.510142757531852
0.44,0.56,0.7411267313798648,0.717851028737502,0.4524178543144046,0.35016976185461957,0.5103134218251475
0.45,0.55,0.741228021203192,0.7179240184493247,0.45234182646145776,0.3500665288046506,0.5104779895609464
0.46,0.54,0.7412977986759456,0.7179921109814893,0.45226860304854083,0.3499655117493544,0.5106364607392486
0.47000000000000003,0.53,0.7413580790385733,0.7180553274502011,0.45219818543800333,0.34986659649668495,0.5107888353600541
0.48,0.52,0.7414249819217235,0.7181136891648002,0.4521305749408243,0.3497691585391679,0.5109351134233631
0.49,0.51,0.7414917284633255,0.7181672176238927,0.4520657728164908,0.349673892854999,0.5110752949291754
0.5,0.5,0.7415573527326099,0.7182159345114827,0.45200378027288113,0.3495803897716758,0.511209379877491
0.51,0.49,0.7416033967976626,0.7182598616931071,0.4519445984661529,0.3494888012543663,0.5113373682683101
0.52,0.48,0.7416391747630694,0.7182990212119698,0.45188822850063554,0.3493983527048578,0.5114592601016326
0.53,0.47,0.741659592156269,0.718333435285081,0.45183467142872763,0.3493086617964507,0.5115750553774583
0.54,0.45999999999999996,0.741688026596756,0.7183631262993981,0.45178392825079905,0.3492205740576312,0.5116847540957875
0.55,0.44999999999999996,0.7417311033418856,0.7183881168079742,0.4517359999150978,0.34913483099071146,0.51178835625662
0.56,0.43999999999999995,0.741749234826047,0.7184084295261088,0.4516908873176617,0.3490507392753378,0.5118858618599559
0.5700000000000001,0.42999999999999994,0.7417693320098612,0.7184240873275087,0.45164859130223484,0.34897146233040754,0.5119772709057951
0.58,0.42000000000000004,0.7417873657428228,0.7184351132404551,0.45160911266018866,0.3488958836462156,0.5120625833941378
0.59,0.41000000000000003,0.7417928303719598,0.7184415304439778,0.4515724521304482,0.3488227824621673,0.5121417993249839
0.6,0.4,0.7417873560029193,0.7184433622640415,0.45153861039942333,0.34875222995018235,0.5122149186983331
0.61,0.39,0.741789979337226,0.7184406321697393,0.451507588100944,0.34868267324061497,0.5122819415141859
0.62,0.38,0.7417622291148893,0.7184333637695004,0.45147938581620134,0.34861362344423413,0.5123428677725421
0.63,0.37,0.7417607901447839,0.7184215808073073,0.45145400407369335,0.3485455887615135,0.5123976974734017
0.64,0.36,0.7417406076865058,0.7184053071589269,0.4514314433491751,0.3484788732255428,0.5124464306167644
0.65,0.35,0.7417298745444062,0.7183845668281552,0.4514117040656145,0.3484127126106637,0.5124890672026308
0.66,0.33999999999999997,0.7417154736646002,0.7183593839430753,0.45139478659315235,0.34834718219342237,0.5125256072310003
0.67,0.32999999999999996,0.7416827415319948,0.7183297827523321,0.451380691249068,0.34828355963837493,0.5125560507018733
0.68,0.31999999999999995,0.741645658892444,0.718295787621422,0.45136941829774924,0.34822149554948745,0.5125803976152496
0.6900000000000001,0.30999999999999994,0.7416162812912305,0.7182574230289995,0.4513609679506679,0.34816309380006777,0.5125986479711294
0.7000000000000001,0.29999999999999993,0.7416018418542863,0.7182147135632,0.4513553403663597,0.34810749405895264,0.5126108017695125
0.71,0.29000000000000004,0.7415478903561066,0.7181676839179834,0.45135253565040956,0.3480549345920091,0.512616859010399
0.72,0.28,0.7415165573787328,0.7181163588894937,0.4513525538554415,0.3480041904359269,0.5126168196937888
0.73,0.27,0.7414832456111957,0.7180607633724392,0.45135539498111404,0.3479557411531527,0.512610683819682
0.74,0.26,0.7414366576409601,0.718000922356494,0.45136105897411993,0.3479100865712645,0.5125984513880786
0.75,0.25,0.7413860747608094,0.7179368609227176,0.4513695457281912,0.34786697578256986,0.5125801223989784
0.76,0.24,0.7413264593075772,0.7178686042399983,0.45138085508410924,0.34782565465053394,0.5125556968523817
0.77,0.22999999999999998,0.7412680011923272,0.7177961775615183,0.45139498682971974,0.3477866475090465,0.5125251747482884
0.78,0.21999999999999997,0.7412090111354737,0.7177196062212399,0.4514119406999523,0.3477503448990309,0.5124885560866985
0.79,0.20999999999999996,0.7411422751387258,0.7176389156304168,0.4514317163768457,0.3477158128241067,0.5124458408676119
0.8,0.19999999999999996,0.7410486048780346,0.717554131274128,0.4514543134895775,0.34768273546850015,0.5123970290910287
0.81,0.18999999999999995,0.7409774104405151,0.7174652787078376,0.4514797316144988,0.34765232489591363,0.5123421207569488
0.8200000000000001,0.17999999999999994,0.7408859394258581,0.7173723835539764,0.45150797027517375,0.3476245421833553,0.5122811158653724
0.8300000000000001,0.16999999999999993,0.7408002261430089,0.7172754714985529,0.45153902894242454,0.3475982245597869,0.5122140144162993
0.84,0.16000000000000003,0.7407052958728749,0.7171745682877869,0.4515729070343808,0.3475742130359625,0.5121408164097295
0.85,0.15000000000000002,0.7405848093540114,0.717069699724772,0.4516096039165338,0.3475516557356703,0.5120615218456631
0.86,0.14,0.7404787207466982,0.7169608916661628,0.45164911890179615,0.3475304549940155,0.5119761307241002
0.87,0.13,0.7403792836884416,0.7168481700188918,0.4516914512505658,0.34751196901481785,0.5118846430450406
0.88,0.12,0.7402652486883878,0.7167315607369117,0.4517366001707953,0.3474975515599063,0.5117870588084843
0.89,0.10999999999999999,0.7401769626221356,0.7166110898179673,0.4517845648180656,0.34748633391602546,0.5116833780144314
0.9,0.09999999999999998,0.7400829548758044,0.7164867833003971,0.45183534429566496,0.34747653799609834,0.5115736006628819
0.91,0.08999999999999997,0.7399479499140862,0.7163586672599601,0.45188893765467253,0.34746807739647245,0.5114577267538358
0.92,0.07999999999999996,0.7398182285782802,0.7162267678066975,0.4519453438940467,0.34746123281839253,0.511335756287293
0.93,0.06999999999999995,0.7397000835603621,0.7160911110818191,0.45200456196071853,0.3474551374072934,0.5112076892632536
0.9400000000000001,0.05999999999999994,0.7395705693987404,0.7159517232546224,0.45206659074968936,0.34744997913855385,0.5110735256817176
0.9500000000000001,0.04999999999999993,0.7394335187755801,0.7158086305194431,0.4521314291041339,0.34744629157559315,0.5109332655426849
0.96,0.040000000000000036,0.7392917010935529,0.7156618590926329,0.4521990758155074,0.3474438046419456,0.5107869088461556
0.97,0.030000000000000027,0.7391387051719406,0.7155114352095724,0.45226952962365796,0.34744329497480714,0.5106344555921297
0.98,0.020000000000000018,0.7390158606405806,0.7153573851217122,0.4523427892169431,0.34744492881933536,0.5104759057806072
0.99,0.010000000000000009,0.7388664489933497,0.7151997350936472,0.4524188532323516,0.34744880820740054,0.510311259411588
1.0,0.0,0.7387372675690197,0.7150385114002236,0.4524977202556291,0.34745592704835493,0.5101405164850722
