feature_name,median
aligned_difference_count,1.0
substitution_count,1.0
gap_count_target,0.0
pam_difference_count,0.0
spacer_difference_count,1.0
first_difference_position_1based,13.0
last_difference_position_1based,14.0
longest_match_run,20.0
longest_substitution_run,1.0
longest_target_gap_run,0.0
difference_pos_01,0.0
substitution_pos_01,0.0
difference_pos_02,0.0
substitution_pos_02,0.0
difference_pos_03,0.0
substitution_pos_03,0.0
target_gap_pos_03,0.0
difference_pos_04,0.0
substitution_pos_04,0.0
target_gap_pos_04,0.0
difference_pos_05,0.0
substitution_pos_05,0.0
target_gap_pos_05,0.0
difference_pos_06,0.0
substitution_pos_06,0.0
target_gap_pos_06,0.0
difference_pos_07,0.0
substitution_pos_07,0.0
target_gap_pos_07,0.0
difference_pos_08,0.0
substitution_pos_08,0.0
target_gap_pos_08,0.0
difference_pos_09,0.0
substitution_pos_09,0.0
target_gap_pos_09,0.0
difference_pos_10,0.0
substitution_pos_10,0.0
target_gap_pos_10,0.0
difference_pos_11,0.0
substitution_pos_11,0.0
target_gap_pos_11,0.0
difference_pos_12,0.0
substitution_pos_12,0.0
target_gap_pos_12,0.0
difference_pos_13,0.0
substitution_pos_13,0.0
target_gap_pos_13,0.0
difference_pos_14,0.0
substitution_pos_14,0.0
target_gap_pos_14,0.0
difference_pos_15,0.0
substitution_pos_15,0.0
target_gap_pos_15,0.0
difference_pos_16,0.0
substitution_pos_16,0.0
target_gap_pos_16,0.0
difference_pos_17,0.0
substitution_pos_17,0.0
target_gap_pos_17,0.0
difference_pos_18,0.0
substitution_pos_18,0.0
target_gap_pos_18,0.0
difference_pos_19,0.0
substitution_pos_19,0.0
target_gap_pos_19,0.0
difference_pos_20,0.0
substitution_pos_20,0.0
target_gap_pos_20,0.0
difference_pos_21,0.0
substitution_pos_21,0.0
target_gap_pos_21,0.0
difference_pos_22,0.0
substitution_pos_22,0.0
target_gap_pos_22,0.0
difference_pos_23,0.0
substitution_pos_23,0.0
target_gap_pos_23,0.0
difference_pos_24,0.0
substitution_pos_24,0.0
target_gap_pos_24,0.0
difference_pos_25,0.0
substitution_pos_25,0.0
target_gap_pos_25,0.0
sub_A_to_C_count,0.0
sub_A_to_G_count,0.0
sub_A_to_T_count,0.0
sub_C_to_A_count,0.0
sub_C_to_G_count,0.0
sub_C_to_T_count,0.0
sub_G_to_A_count,0.0
sub_G_to_C_count,0.0
sub_G_to_T_count,0.0
sub_T_to_A_count,0.0
sub_T_to_C_count,0.0
sub_T_to_G_count,0.0
guide_gc_content,0.4
guide_shannon_entropy,1.872935
guide_longest_homopolymer,3.0
guide_a_fraction,0.24
guide_c_fraction,0.2
guide_g_fraction,0.2
guide_t_fraction,0.36
target_ungapped_length_acgt,25.0
target_ungapped_gc_content,0.4
target_ungapped_shannon_entropy,1.872935
target_ungapped_longest_homopolymer,3.0
target_ungapped_a_fraction,0.222222
target_ungapped_c_fraction,0.2
target_ungapped_g_fraction,0.2
target_ungapped_t_fraction,0.36
guide_spacer_gc_content,0.47619
guide_spacer_shannon_entropy,1.873563
guide_spacer_longest_homopolymer,3.0
guide_spacer_a_fraction,0.238095
guide_spacer_c_fraction,0.238095
guide_spacer_g_fraction,0.238095
guide_spacer_t_fraction,0.285714
target_spacer_ungapped_length_acgt,21.0
target_spacer_ungapped_gc_content,0.47619
target_spacer_ungapped_shannon_entropy,1.873563
target_spacer_ungapped_longest_homopolymer,3.0
target_spacer_ungapped_a_fraction,0.238095
target_spacer_ungapped_c_fraction,0.238095
target_spacer_ungapped_g_fraction,0.238095
target_spacer_ungapped_t_fraction,0.285714
guide_context_unique_base_count,4.0
guide_context_gc_first_half,0.3333333333333333
guide_context_gc_second_half,0.4615384615384615
guide_context_gc_first_5nt,0.2
guide_context_gc_last_5nt,0.4
guide_context_dinuc_AA_frequency,0.0416666666666666
guide_context_dinuc_AC_frequency,0.0416666666666666
guide_context_dinuc_AG_frequency,0.0416666666666666
guide_context_dinuc_AT_frequency,0.0416666666666666
guide_context_dinuc_CA_frequency,0.0416666666666666
guide_context_dinuc_CC_frequency,0.0416666666666666
guide_context_dinuc_CG_frequency,0.0416666666666666
guide_context_dinuc_CT_frequency,0.0416666666666666
guide_context_dinuc_GA_frequency,0.0416666666666666
guide_context_dinuc_GC_frequency,0.0416666666666666
guide_context_dinuc_GG_frequency,0.0416666666666666
guide_context_dinuc_GT_frequency,0.0416666666666666
guide_context_dinuc_TA_frequency,0.0416666666666666
guide_context_dinuc_TC_frequency,0.0416666666666666
guide_context_dinuc_TG_frequency,0.0833333333333333
guide_context_dinuc_TT_frequency,0.1666666666666666
guide_context_trinuc_AAA_frequency,0.0
guide_context_trinuc_CCC_frequency,0.0
guide_context_trinuc_GGG_frequency,0.0
guide_context_trinuc_TTT_frequency,0.0869565217391304
guide_context_trinuc_GCG_frequency,0.0
guide_context_trinuc_CGC_frequency,0.0
guide_context_trinuc_TAT_frequency,0.0
guide_context_trinuc_ATA_frequency,0.0
target_context_unique_base_count,4.0
target_context_gc_first_half,0.3333333333333333
target_context_gc_second_half,0.4615384615384615
target_context_gc_first_5nt,0.2
target_context_gc_last_5nt,0.4
target_context_dinuc_AA_frequency,0.0416666666666666
target_context_dinuc_AC_frequency,0.0416666666666666
target_context_dinuc_AG_frequency,0.0416666666666666
target_context_dinuc_AT_frequency,0.0416666666666666
target_context_dinuc_CA_frequency,0.0416666666666666
target_context_dinuc_CC_frequency,0.0416666666666666
target_context_dinuc_CG_frequency,0.0416666666666666
target_context_dinuc_CT_frequency,0.0416666666666666
target_context_dinuc_GA_frequency,0.0416666666666666
target_context_dinuc_GC_frequency,0.0416666666666666
target_context_dinuc_GG_frequency,0.0416666666666666
target_context_dinuc_GT_frequency,0.0416666666666666
target_context_dinuc_TA_frequency,0.0416666666666666
target_context_dinuc_TC_frequency,0.0416666666666666
target_context_dinuc_TG_frequency,0.0833333333333333
target_context_dinuc_TT_frequency,0.1666666666666666
target_context_trinuc_AAA_frequency,0.0
target_context_trinuc_CCC_frequency,0.0
target_context_trinuc_GGG_frequency,0.0
target_context_trinuc_TTT_frequency,0.0869565217391304
target_context_trinuc_GCG_frequency,0.0
target_context_trinuc_CGC_frequency,0.0
target_context_trinuc_TAT_frequency,0.0
target_context_trinuc_ATA_frequency,0.0
